id,name,status,state,city,postal_code,full_address,phone,latitude,longitude,official_url,services,audiology,map_url,coordinate_source
belconnen,Bailey Nelson Belconnen,Active,ACT,Belconnen,2617,"Level 2, Shop 81 Benjamin Way, Belconnen, ACT, 2617",+61251275194,-35.2381903,149.065097,https://baileynelson.com.au/pages/optometrist-belconnen,Optometry Services; Bulk-Billed Eye Tests; Private Eye Tests from $65; Contact Lens Eye Tests; Visual Fields Testing; Ultra-wide retinal imaging; Optical & Sunglass styling; Free frame adjustments,false,"https://www.google.com/maps/place/Bailey+Nelson+Optometrist+-+Belconnen/@-35.2381903,149.065097,15z/data=!4m6!3m5!1s0x6b17adbbd2b98c2b:0x84bc653caf9cfb34!8m2!3d-35.2381903!4d149.065097!16s%2Fg%2F11s63_rvxk?sa=X&ved=1t:2428&ictx=111&coh=219816&entry=tts&g_ep=EgoyMDI0MDgwNy4wKgBIAVAD",Official Google Maps link
canberra,Bailey Nelson Canberra City,Active,ACT,Canberra,2601,"2 Bunda St, Canberra, ACT, 2601",+61251275196,-35.278545,149.1336806,https://baileynelson.com.au/pages/optometrist-canberra,Optometry Services; Bulk-Billed Eye Tests; Private Eye Tests from $65; Contact Lens Eye Tests; Visual Fields Testing; Ultra-wide retinal imaging; Optical & Sunglass styling; Free frame adjustments,false,"https://www.google.com/maps/place/Bailey+Nelson+Optometrist+-+Canberra/@-35.278545,149.1336806,15z/data=!4m6!3m5!1s0x6b164d6f4e38fff1:0xc36ba496510da3fc!8m2!3d-35.278545!4d149.1336806!16s%2Fg%2F11bxgbd82f?sa=X&ved=1t:2428&ictx=111&coh=219816&entry=tts&g_ep=EgoyMDI0MDgwNy4wKgBIAVAD",Official Google Maps link
balmain,Bailey Nelson Balmain,Active,NSW,Balmain,2041,"295 Darling Street, Balmain, NSW, 2041",+61283571359,-33.857109,151.1806581,https://baileynelson.com.au/pages/optometrist-balmain,Optometry Services; Bulk-Billed Eye Tests; Private Eye Tests from $65; Contact Lens Eye Tests; Visual Fields Testing; Ultra-wide retinal imaging; Optical & Sunglass styling; Free frame adjustments,false,"https://www.google.com/maps/place/Bailey+Nelson+Optometrist+-+Balmain/@-33.857109,151.1780832,17z/data=!3m1!4b1!4m6!3m5!1s0x6b12afd19aa2cb83:0x77274b37cc18fb9!8m2!3d-33.857109!4d151.1806581!16s%2Fg%2F11vs7knq5f?sca_esv=e89764eee12a19ad&sca_upv=1&output=search&q=bailey+nelson+balmain&source=lnms&fbs=AEQNm0C5IIOpSDYVh51ut_zQFgH5DNv_pTVgUFFjqHIROnWawIGVx0E6ObWKkhgJ1A_fnERo-OpcvVN6jtjqIYuEtPV04pLWLAxVA-rEHSzayuvqO4nl1GIW0ITngnZtYohMxMbKYA7tT2fckMMK5_ln43b3fh1JramwkaHUjmkStl7V1xKJer8IPzxIpM7SgVHbMoi7C3On&ved=1t:200715&ictx=111&entry=tts&g_ep=EgoyMDI0MDgyNi4wKgBIAVAD",Official Google Maps link
bondi-beach,Bailey Nelson Bondi Beach,Active,NSW,Bondi Beach,2026,"157 Curlewis Street, Bondi Beach, NSW, 2026",+61283571352,-33.8895405,151.2745168,https://baileynelson.com.au/pages/optometrist-bondi-beach,Optometry Services; Bulk-Billed Eye Tests; Private Eye Tests from $65; Contact Lens Eye Tests; Visual Fields Testing; Ultra-wide retinal imaging; Optical & Sunglass styling; Free frame adjustments,false,"https://www.google.com/maps/place/Bailey+Nelson+Optometrist+-+Bondi+Beach/@-33.8895405,151.2745168,15z/data=!4m6!3m5!1s0x6b12ad9eb448ccff:0x644f63a0ff0b92b7!8m2!3d-33.8895405!4d151.2745168!16s%2Fg%2F11b6zsgr57?sa=X&ved=1t:2428&ictx=111&entry=tts&g_ep=EgoyMDI0MDgyNi4wKgBIAVAD",Official Google Maps link
bondi-junction,Bailey Nelson Bondi Junction,Active,NSW,Bondi Junction,2022,"Westfield Bondi Junction, Bondi Junction, NSW, 2022",+61283571357,-33.8925777,151.2507681,https://baileynelson.com.au/pages/optometrist-bondi-junction,Optometry Services; Bulk-Billed Eye Tests; Private Eye Tests from $65; Contact Lens Eye Tests; Visual Fields Testing; Ultra-wide retinal imaging; Optical & Sunglass styling; Free frame adjustments,false,"https://www.google.com/maps/place/Bailey+Nelson+Optometrist+-+Bondi+Junction/@-33.8925777,151.2507681,15z/data=!4m6!3m5!1s0x6b12adf188929437:0x99e0db4ab48615f3!8m2!3d-33.8925777!4d151.2507681!16s%2Fg%2F11c5s_lws7?sa=X&ved=1t:2428&ictx=111&coh=219816&entry=tts&g_ep=EgoyMDI0MDgwNC4wKgBIAVAD",Official Google Maps link
warringah-mall,Bailey Nelson Warringah Mall,Active,NSW,Brookvale,2100,"Shop 1530 Westfield Warringah Mall, 145 Condamine St, Brookvale, NSW, 2100",+61283571356,-33.7665187,151.2651111,https://baileynelson.com.au/pages/optometrist-warringah-mall,Optometry Services; Bulk-Billed Eye Tests; Private Eye Tests from $65; Contact Lens Eye Tests; Visual Fields Testing; Ultra-wide retinal imaging; Optical & Sunglass styling; Free frame adjustments,false,"https://www.google.com/maps/place/Bailey+Nelson+Optometrist+-+Warringah+Mall/@-33.7665187,151.2651111,15z/data=!4m6!3m5!1s0x6b12abda69f4d617:0xbce2fa60ee66dec5!8m2!3d-33.7665187!4d151.2651111!16s%2Fg%2F11t5l43_nd?sa=X&ved=1t:2428&ictx=111&coh=219816&entry=tts&g_ep=EgoyMDI0MDgwNC4wKgBIAVAD",Official Google Maps link
byron-bay,Bailey Nelson Byron Bay,Active,NSW,Byron Bay,2481,"15 Lawson Street, Byron Bay, NSW, 2481",+61256439793,-28.6421951,153.6133449,https://baileynelson.com.au/pages/optometrist-byron-bay,Optometry Services; Bulk-Billed Eye Tests; Private Eye Tests from $65; Contact Lens Eye Tests; Visual Fields Testing; Ultra-wide retinal imaging; Optical & Sunglass styling; Free frame adjustments,false,"https://www.google.com/maps/place/Bailey+Nelson+Optometrist+-+Byron+Bay/@-28.6421951,153.6133449,15z/data=!4m6!3m5!1s0x6b90623a33b54b95:0x52018bf13051a216!8m2!3d-28.6421951!4d153.6133449!16s%2Fg%2F11f1238lgv?coh=219816&entry=tts&g_ep=EgoyMDI0MDgwNC4wKgBIAVAD",Official Google Maps link
castle-towers,Bailey Nelson Castle Towers,Active,NSW,Castle Hill,2154,"6-14 Castle St, Castle Hill, NSW, 2154",+61283571354,-33.7300053,151.0065959,https://baileynelson.com.au/pages/optometrist-castle-towers,Optometry Services; Bulk-Billed Eye Tests; Private Eye Tests from $65; Contact Lens Eye Tests; Visual Fields Testing; Ultra-wide retinal imaging; Optical & Sunglass styling; Free frame adjustments,false,"https://www.google.com/maps/place/Bailey+Nelson+Optometrist+-+Castle+Towers/@-33.7300053,151.0065959,15z/data=!4m6!3m5!1s0x6b12a1d6214ff40d:0xb802c8a53b75aee1!8m2!3d-33.7300053!4d151.0065959!16s%2Fg%2F11s1781014?sa=X&ved=1t:2428&ictx=111&coh=219816&entry=tts&g_ep=EgoyMDI0MDgwNC4wKgBIAVAD",Official Google Maps link
chatswood,Bailey Nelson Chatswood,Active,NSW,Chatswood,2067,"1 Anderson Street, Chatswood, NSW, 2067",+61283571355,-33.796909,151.1837921,https://baileynelson.com.au/pages/optometrist-chatswood,Optometry Services; Bulk-Billed Eye Tests; Private Eye Tests from $65; Contact Lens Eye Tests; Visual Fields Testing; Ultra-wide retinal imaging; Optical & Sunglass styling; Free frame adjustments,false,"https://www.google.com/maps/place/Bailey+Nelson+Optometrist+-+Chatswood/@-33.796909,151.1837921,15z/data=!4m6!3m5!1s0x6b12a97badedbe5f:0xbf153b291883a80e!8m2!3d-33.796909!4d151.1837921!16s%2Fg%2F11nn1tqj4g?sa=X&ved=1t:2428&ictx=111&coh=219816&entry=tts&g_ep=EgoyMDI0MDgwNC4wKgBIAVAD",Official Google Maps link
green-hills,Bailey Nelson Green Hills,Active,NSW,East Maitland,2323,"1 Molly Morgan Dr, East Maitland, NSW, 2323",+61240818935,-32.7627913,151.5913572,https://baileynelson.com.au/pages/optometrist-green-hills,Optometry Services; Bulk-Billed Eye Tests; Private Eye Tests from $65; Contact Lens Eye Tests; Visual Fields Testing; Ultra-wide retinal imaging; Optical & Sunglass styling; Free frame adjustments,false,"https://www.google.com/maps/place/Stockland+Green+Hills/@-32.7620378,151.5885694,17z/data=!3m1!5s0x6b7346bba52ea4c7:0x6e3ce34b8cca20db!4m7!3m6!1s0x6b7346bb2693162b:0xb78078bc9cd93816!8m2!3d-32.7627913!4d151.5913572!15sCktTaG9wIDEwOTMsIFN0b2NrbGFuZCBHcmVlbiBIaWxscywgMSBNb2xseSBNb3JnYW4gRHIsIEVhc3QgTWFpdGxhbmQgTlNXIDIzMjNaSiJIc2hvcCAxMDkzIHN0b2NrbGFuZCBncmVlbiBoaWxscyAxIG1vbGx5IG1vcmdhbiBkciBlYXN0IG1haXRsYW5kIG5zdyAyMzIzkgEPc2hvcHBpbmdfY2VudGVyqgGMAQoKL20vMDQyMXRuNRABKg0iCXNob3AgMTA5MygAMh8QASIbKPIY6yR0f3F-09zPQ9oi6jBU400vHrexhukYMkwQAiJIc2hvcCAxMDkzIHN0b2NrbGFuZCBncmVlbiBoaWxscyAxIG1vbGx5IG1vcmdhbiBkciBlYXN0IG1haXRsYW5kIG5zdyAyMzIz4AEA!16s%2Fm%2F0421tn5?entry=tts&g_ep=EgoyMDI1MDcwOS4wIPu8ASoASAFQAw%3D%3D&skid=eeeb7335-dd40-4d74-a0dc-3c850f1956d9",Official Google Maps link
eastgardens,Bailey Nelson Eastgardens - Now Open,Active,NSW,Eastgardens,2036,"152 Bunnerong Rd, Eastgardens, NSW, 2036",+61283942761,-33.9447872,151.2240871,https://baileynelson.com.au/pages/optometrist-eastgardens,Optometry Services; Bulk-Billed Eye Tests; Private Eye Tests from $65; Contact Lens Eye Tests; Visual Fields Testing; Ultra-wide retinal imaging; Optical & Sunglass styling; Free frame adjustments,false,"https://www.google.com/maps/place/Bailey+Nelson+Optometrist+Eastgardens/@-33.9447827,151.2215122,17z/data=!3m2!4b1!5s0x6b12b1652977cdd3:0x571df460ea703925!4m6!3m5!1s0x6b12b1596b44210b:0x1337497aebd1595d!8m2!3d-33.9447872!4d151.2240871!16s%2Fg%2F11njwzmpn8?entry=tts&g_ep=EgoyMDI2MDYyOS4wIPu8ASoASAFQAw%3D%3D&skid=7ebfaff5-277d-4f67-8534-a920e53cef07",Official Google Maps link
erina-fair,Bailey Nelson Erina Fair,Active,NSW,Erina,2250,"620-658 Terrigal Drive, Erina, NSW, 2250",+61243163121,-33.4376053,151.3927555,https://baileynelson.com.au/pages/optometrist-erina-fair,Optometry Services; Bulk-Billed Eye Tests; Private Eye Tests from $65; Contact Lens Eye Tests; Visual Fields Testing; Ultra-wide retinal imaging; Optical & Sunglass styling; Free frame adjustments,false,"https://www.google.com/maps/place/Bailey+Nelson+-+Erina+Fair/@-33.4376971,151.3938847,18z/data=!4m6!3m5!1s0x6ab0cf148353c3a3:0x1f0640285fb29034!8m2!3d-33.4376053!4d151.3927555!16s%2Fg%2F11yk3rgyq0?entry=tts&g_ep=EgoyMDI1MTAyNi4wIPu8ASoASAFQAw%3D%3D&skid=9dbc2460-2887-449f-93ae-1e185e364a29",Official Google Maps link
kotara,Bailey Nelson Kotara,Active,NSW,Kotara,2289,"Northcott Drive, Kotara, NSW, 2289",+61240818930,-32.9422944,151.7112084,https://baileynelson.com.au/pages/optometrist-kotara,Optometry Services; Bulk-Billed Eye Tests; Private Eye Tests from $65; Contact Lens Eye Tests; Visual Fields Testing; Ultra-wide retinal imaging; Optical & Sunglass styling; Free frame adjustments,false,"https://www.google.com/maps/place/Bailey+Nelson+Optometrist+-+Kotara/@-32.9422944,151.7112084,15z/data=!4m6!3m5!1s0x6b73151e5b64fa71:0xb8af3cd988636e92!8m2!3d-32.9422944!4d151.7112084!16s%2Fg%2F11ry9s5_xp?sa=X&ved=1t:2428&ictx=111&coh=219816&entry=tts&g_ep=EgoyMDI0MDgwNC4wKgBIAVAD",Official Google Maps link
manly,Bailey Nelson Manly,Active,NSW,Manly,2095,"4-10 Sydney Rd, Manly, NSW, 2095",+61283571358,-33.7970173,151.2872737,https://baileynelson.com.au/pages/optometrist-manly,Optometry Services; Bulk-Billed Eye Tests; Private Eye Tests from $65; Contact Lens Eye Tests; Visual Fields Testing; Ultra-wide retinal imaging; Optical & Sunglass styling; Free frame adjustments,false,"https://www.google.com/maps/place/Bailey+Nelson+Optometrist+-+Manly/@-33.7970173,151.2872737,15z/data=!4m6!3m5!1s0x6b12ab0f5cb8ae95:0x5ec1d6c3729602fb!8m2!3d-33.7970173!4d151.2872737!16s%2Fg%2F11f54x2z40?sa=X&ved=1t:2428&ictx=111&coh=219816&entry=tts&g_ep=EgoyMDI0MDgwNC4wKgBIAVAD",Official Google Maps link
miranda,Bailey Nelson Miranda,Active,NSW,Miranda,2228,"600 Kingsway, Miranda, NSW, 2228",+61283571351,-34.0355512,151.1006368,https://baileynelson.com.au/pages/optometrist-miranda,Optometry Services; Bulk-Billed Eye Tests; Private Eye Tests from $65; Contact Lens Eye Tests; Visual Fields Testing; Ultra-wide retinal imaging; Optical & Sunglass styling; Free frame adjustments,false,"https://www.google.com/maps/place/Bailey+Nelson+Optometrist+-+Miranda/@-34.0355512,151.1006368,15z/data=!4m6!3m5!1s0x6b12c784afec518d:0xadd1522ca8c4f4a0!8m2!3d-34.0355512!4d151.1006368!16s%2Fg%2F11b6zq42_5?sa=X&ved=1t:2428&ictx=111&coh=219816&entry=tts&g_ep=EgoyMDI0MDgwNC4wKgBIAVAD",Official Google Maps link
mosman,Bailey Nelson Mosman,Active,NSW,Mosman,2088,"Shop 3 - 597 Military Road, Mosman, NSW, 2088",+61290008068,-33.8253654,151.2420018,https://baileynelson.com.au/pages/optometrist-mosman,Optometry Services; Bulk-Billed Eye Tests; Private Eye Tests from $65; Contact Lens Eye Tests; Visual Fields Testing; Ultra-wide retinal imaging; Optical & Sunglass styling; Free frame adjustments,false,"https://www.google.com/maps/place/Bailey+Nelson+Optometrist+-+Mosman/@-33.8253654,151.2420018,15z/data=!4m6!3m5!1s0x6b12ad21a834b57d:0xf9ccd9c38371d0fa!8m2!3d-33.8253654!4d151.2420018!16s%2Fg%2F11wc9mqqq4?sa=X&ved=1t:2428&ictx=111&entry=tts&g_ep=EgoyMDI0MDkwNC4wKgBIAVAD",Official Google Maps link
newtown,Bailey Nelson Newtown,Active,NSW,Newtown,2042,"239 King Street, Newtown, NSW, 2042",+61283571350,-33.8954608,151.1811783,https://baileynelson.com.au/pages/optometrist-newtown,Optometry Services; Bulk-Billed Eye Tests; Private Eye Tests from $65; Contact Lens Eye Tests; Visual Fields Testing; Ultra-wide retinal imaging; Optical & Sunglass styling; Free frame adjustments,false,"https://www.google.com/maps/place/Bailey+Nelson+Optometrist+-+Newtown/@-33.8954608,151.1811783,15z/data=!4m6!3m5!1s0x6b12b033d81df7c7:0xe308f76eae60550a!8m2!3d-33.8954608!4d151.1811783!16s%2Fg%2F11g7kyfl_r?sa=X&ved=1t:2428&ictx=111&coh=219816&entry=tts&g_ep=EgoyMDI0MDgwNC4wKgBIAVAD",Official Google Maps link
macquarie,Bailey Nelson Macquarie Centre,Active,NSW,North Ryde,2113,"Corner of Herring Road & Waterloo Road, North Ryde, NSW, 2113",+61290008062,-33.7767187,151.1205172,https://baileynelson.com.au/pages/optometrist-macquarie,Optometry Services; Bulk-Billed Eye Tests; Private Eye Tests from $65; Contact Lens Eye Tests; Visual Fields Testing; Ultra-wide retinal imaging; Optical & Sunglass styling; Free frame adjustments,false,"https://www.google.com/maps/place/Bailey+Nelson+Optometrist+-+Macquarie+Centre/@-33.7767187,151.1205172,15z/data=!4m6!3m5!1s0x6b12a60cc14b5cfb:0xe37c233e76d72292!8m2!3d-33.7767187!4d151.1205172!16s%2Fg%2F11b6zsysx4?sa=X&ved=1t:2428&ictx=111&coh=219816&entry=tts&g_ep=EgoyMDI0MDgxMS4wKgBIAVAD",Official Google Maps link
paddington,Bailey Nelson Paddington - New Location,Active,NSW,Paddington,2021,"372 Oxford Street, Paddington, NSW, 2021",+61290008061,-33.8860014,151.2289799,https://baileynelson.com.au/pages/optometrist-paddington,Optometry Services; Bulk-Billed Eye Tests; Private Eye Tests from $65; Contact Lens Eye Tests; Visual Fields Testing; Ultra-wide retinal imaging; Optical & Sunglass styling; Free frame adjustments,false,"https://www.google.com/maps/place/Bailey+Nelson+Optometrist+-+Paddington/@-33.8860014,151.2289799,15z/data=!4m6!3m5!1s0x6b12ae062e06db97:0xe7e1bd217973afa4!8m2!3d-33.8860014!4d151.2289799!16s%2Fg%2F12615x7b8?sa=X&ved=1t:2428&ictx=111&coh=219816&entry=tts&g_ep=EgoyMDI0MDgwNC4wKgBIAVAD",Official Google Maps link
pitt-st-sydney,Bailey Nelson Pitt Street - Westfield Sydney,Active,NSW,Sydney,2000,"188 Pitt St, Sydney, NSW, 2000",+61290008067,-33.8705971,151.2090642,https://baileynelson.com.au/pages/optometrist-pitt-st-sydney,Optometry Services; Bulk-Billed Eye Tests; Private Eye Tests from $65; Contact Lens Eye Tests; Visual Fields Testing; Ultra-wide retinal imaging; Optical & Sunglass styling; Free frame adjustments,false,"https://www.google.com/maps/place/Bailey+Nelson+Optometrist+-+Pitt+Street/@-33.8705971,151.2090642,15z/data=!4m6!3m5!1s0x6b12ae3fb1873ead:0xea9145f256ed6f93!8m2!3d-33.8705971!4d151.2090642!16s%2Fg%2F11b6zl95p0?sa=X&ved=1t:2428&ictx=111&coh=219816&entry=tts&g_ep=EgoyMDI0MDgwNC4wKgBIAVAD",Official Google Maps link
broadway,Bailey Nelson Broadway,Active,NSW,Ultimo,2007,"1 Bay Street, Ultimo, NSW, 2007",+61290008069,-33.8834174,151.1943646,https://baileynelson.com.au/pages/optometrist-broadway,Optometry Services; Bulk-Billed Eye Tests; Private Eye Tests from $65; Contact Lens Eye Tests; Visual Fields Testing; Ultra-wide retinal imaging; Optical & Sunglass styling; Free frame adjustments,false,"https://www.google.com/maps/place/Bailey+Nelson+Optometrist+-+Broadway/@-33.8829097,151.1850305,16z/data=!4m6!3m5!1s0x6b12ae29a5283363:0x3fc7d0e74d40299a!8m2!3d-33.8834174!4d151.1943646!16s%2Fg%2F11b6ztx2hm?sa=X&ved=1t:2428&ictx=111&coh=219816&entry=tts&g_ep=EgoyMDI0MDgwNC4wKgBIAVAD",Official Google Maps link
brisbane-macarthur,Bailey Nelson Brisbane MacArthur,Active,QLD,Brisbane,4000,"255 Queen St, Brisbane, QLD, 4000",+61737093763,-27.4681543,153.0276745,https://baileynelson.com.au/pages/optometrist-brisbane-macarthur,Optometry Services; Bulk-Billed Eye Tests; Private Eye Tests from $65; Contact Lens Eye Tests; Visual Fields Testing; Ultra-wide retinal imaging; Optical & Sunglass styling; Free frame adjustments,false,"https://www.google.com/maps/place/Bailey+Nelson+Optometrist+-+Brisbane+MacArthur/@-27.4683304,153.025172,17z/data=!4m7!3m6!1s0x6b915b480a853711:0x237136e4e583f105!8m2!3d-27.4681543!4d153.0276745!15sCiBiYWlsZXkgbmVsc29uIGJyaXNiYW5lIG1hY2FydGh1ciIDiAEBWiIiIGJhaWxleSBuZWxzb24gYnJpc2JhbmUgbWFjYXJ0aHVykgELb3B0b21ldHJpc3TgAQA!16s%2Fg%2F11tf3p0nw0?coh=219816&entry=tts&g_ep=EgoyMDI0MDgwNS4wKgBIAVAD",Official Google Maps link
gold-coast,Bailey Nelson Gold Coast Pacific Fair,Active,QLD,Broadbeach,4218,"32 Hooker Boulevard, Broadbeach, QLD, 4218",+61756168866,-28.0370278,153.4266806,https://baileynelson.com.au/pages/optometrist-gold-coast,Optometry Services; Bulk-Billed Eye Tests; Private Eye Tests from $65; Contact Lens Eye Tests; Visual Fields Testing; Ultra-wide retinal imaging; Optical & Sunglass styling; Free frame adjustments,false,"https://www.google.com/maps/place/Bailey+Nelson+Optometrist+-+Pacific+Fair/@-28.0370278,153.4266806,15z/data=!4m6!3m5!1s0x6b9104f01a388917:0x58708d7650c1a3c!8m2!3d-28.0370278!4d153.4266806!16s%2Fg%2F11c3l9kg73?sa=X&ved=1t:2428&ictx=111&coh=219816&entry=tts&g_ep=EgoyMDI0MDgwNS4wKgBIAVAD",Official Google Maps link
burleigh-heads,Bailey Nelson Burleigh Heads,Active,QLD,Burleigh Heads,4220,"15-17 James Street, Burleigh Heads, QLD, 4220",+61 7 5690 5060,-28.089137,153.4511243,https://baileynelson.com.au/pages/optometrist-burleigh-heads,Optometry Services; Bulk-Billed Eye Tests; Private Eye Tests from $65; Contact Lens Eye Tests; Visual Fields Testing; Ultra-wide retinal imaging; Optical & Sunglass styling; Free frame adjustments,false,"https://www.google.com/maps/place/Shop+2%2F15+James+St,+Burleigh+Heads+QLD+4220,+Australia/@-28.0891322,153.4485494,17z/data=!3m1!4b1!4m6!3m5!1s0x6b910390ab6f22bd:0x4bc093c9da706fe1!8m2!3d-28.089137!4d153.4511243!16s%2Fg%2F11rg681r0q?entry=tts&g_ep=EgoyMDI1MDcwOS4wIPu8ASoASAFQAw%3D%3D&skid=140c3e32-103f-4a32-8f1d-d10fee8d34b1",Official Google Maps link
carindale,Bailey Nelson Carindale,Active,QLD,Carindale,4152,"1151 Creek Rd, Carindale, QLD, 4152",+61737093760,-27.5029969,153.1019762,https://baileynelson.com.au/pages/optometrist-carindale,Optometry Services; Bulk-Billed Eye Tests; Private Eye Tests from $65; Contact Lens Eye Tests; Visual Fields Testing; Ultra-wide retinal imaging; Optical & Sunglass styling; Free frame adjustments,false,"https://www.google.com/maps/place/Bailey+Nelson+Optometrist+-+Carindale/@-27.5029969,153.1019762,15z/data=!4m6!3m5!1s0x6b915bdaabc46757:0xd660516b35e51570!8m2!3d-27.5029969!4d153.1019762!16s%2Fg%2F11f793zkss?sa=X&ved=1t:2428&ictx=111&coh=219816&entry=tts&g_ep=EgoyMDI0MDgwNS4wKgBIAVAD",Official Google Maps link
chermside,Bailey Nelson Chermside,Active,QLD,Chermside,4032,"Shop 1380, Westfield Chermside, Chermside, QLD, 4032",+61737093766,-27.3813595,153.0329081,https://baileynelson.com.au/pages/optometrist-chermside,Optometry Services; Bulk-Billed Eye Tests; Private Eye Tests from $65; Contact Lens Eye Tests; Visual Fields Testing; Ultra-wide retinal imaging; Optical & Sunglass styling; Free frame adjustments,false,"https://www.google.com/maps/place/Bailey+Nelson+Optometrist+-+Chermside/@-27.3813595,153.0329081,15z/data=!4m6!3m5!1s0x6b91580ef4ecde65:0x32f3e677a09a2ac7!8m2!3d-27.3813595!4d153.0329081!16s%2Fg%2F11fy4fyj8z?sa=X&ved=1t:2428&ictx=111&coh=219816&entry=tts&g_ep=EgoyMDI0MDgwNS4wKgBIAVAD",Official Google Maps link
coomera,Bailey Nelson Coomera,Active,QLD,Coomera,4209,"103 Foxwell Rd, Coomera, QLD, 4209",+61756060742,-27.8527529,153.3144519,https://baileynelson.com.au/pages/optometrist-coomera,Optometry Services; Bulk-Billed Eye Tests; Private Eye Tests from $65; Contact Lens Eye Tests; Visual Fields Testing; Ultra-wide retinal imaging; Optical & Sunglass styling; Free frame adjustments,false,"https://www.google.com/maps/place/Bailey+Nelson+Optometrist+-+Coomera/@-27.8527529,153.3144519,17z/data=!3m1!4b1!4m6!3m5!1s0x6b91137ae6c29a9b:0x9ebbb426c341170e!8m2!3d-27.8527529!4d153.3144519!16s%2Fg%2F11ww7gl2jn?entry=tts&g_ep=EgoyMDI1MDMyNC4wIPu8ASoASAFQAw%3D%3D&skid=a83b6d73-1b91-4a53-86d1-8c69acd811d3",Official Google Maps link
fortitude-valley,Bailey Nelson Fortitude Valley,Active,QLD,Fortitude Valley,4006,"65 James Street, Fortitude Valley, QLD, 4006",+61737093761,-27.4575991,153.0405923,https://baileynelson.com.au/pages/optometrist-fortitude-valley,Optometry Services; Bulk-Billed Eye Tests; Private Eye Tests from $65; Contact Lens Eye Tests; Visual Fields Testing; Ultra-wide retinal imaging; Optical & Sunglass styling; Free frame adjustments,false,"https://www.google.com/maps/place/Bailey+Nelson+Optometrist+-+Fortitude+Valley/@-27.4575991,153.0405923,15z/data=!4m6!3m5!1s0x6b91598d0d742dd9:0x4180b9cb33fc709d!8m2!3d-27.4575991!4d153.0405923!16s%2Fg%2F11b69zzx6k?sa=X&ved=1t:2428&ictx=111&coh=219816&entry=tts&g_ep=EgoyMDI0MDgwNS4wKgBIAVAD",Official Google Maps link
indooroopilly,Bailey Nelson Indooroopilly,Active,QLD,Indooroopilly,4608,"322 Moggill Road, Indooroopilly, QLD, 4608",+61737093764,-27.499702,152.9730189,https://baileynelson.com.au/pages/optometrist-indooroopilly,Optometry Services; Bulk-Billed Eye Tests; Private Eye Tests from $65; Contact Lens Eye Tests; Visual Fields Testing; Ultra-wide retinal imaging; Optical & Sunglass styling; Free frame adjustments,false,"https://www.google.com/maps/place/Bailey+Nelson+Optometrist+-+Indooroopilly/@-27.499702,152.9730189,15z/data=!4m6!3m5!1s0x6b9150542fe739bb:0x805f129df12e2f77!8m2!3d-27.499702!4d152.9730189!16s%2Fg%2F11b6zskdz7?sa=X&ved=1t:2428&ictx=111&coh=219816&entry=tts&g_ep=EgoyMDI0MDgwNS4wKgBIAVAD",Official Google Maps link
north-lakes,Bailey Nelson North Lakes,Active,QLD,North Lakes,4509,"1158a North Lakes Drive, North Lakes, QLD, 4509",+61737093765,-27.2411429,153.0156064,https://baileynelson.com.au/pages/optometrist-north-lakes,Optometry Services; Bulk-Billed Eye Tests; Private Eye Tests from $65; Contact Lens Eye Tests; Visual Fields Testing; Ultra-wide retinal imaging; Optical & Sunglass styling; Free frame adjustments,false,"https://www.google.com/maps/place/Bailey+Nelson/@-27.2411429,153.0156064,15z/data=!4m6!3m5!1s0x6b93e5589cec4d61:0xcb7fa56b629f43ae!8m2!3d-27.2411429!4d153.0156064!16s%2Fg%2F11p5g8xgjm?sa=X&ved=1t:2428&ictx=111&coh=219816&entry=tts&g_ep=EgoyMDI0MDgwNS4wKgBIAVAD",Official Google Maps link
robina,Bailey Nelson Gold Coast Robina,Active,QLD,Robina,4230,"Robina Town Shopping Centre, Robina, QLD, 4230",+61756517346,-28.0764984,153.3860834,https://baileynelson.com.au/pages/optometrist-robina,Optometry Services; Bulk-Billed Eye Tests; Private Eye Tests from $65; Contact Lens Eye Tests; Visual Fields Testing; Ultra-wide retinal imaging; Optical & Sunglass styling; Free frame adjustments,false,"https://www.google.com/maps/place/Bailey+Nelson+Optometrist+-+Robina/@-28.0764984,153.3860834,15z/data=!4m6!3m5!1s0x6b911dc9a0a4ebdf:0xe30b41fb001e9ab8!8m2!3d-28.0764984!4d153.3860834!16s%2Fg%2F11h04bc12w?sa=X&ved=1t:2428&ictx=111&coh=219816&entry=tts&g_ep=EgoyMDI0MDgwNS4wKgBIAVAD",Official Google Maps link
toowoomba,Bailey Nelson Toowoomba,Active,QLD,Toowoomba,4350,"Cnr Margaret and Dent Street, Toowoomba, QLD, 4350",+61775208218,-27.5614002,151.9494249,https://baileynelson.com.au/pages/optometrist-toowoomba,Optometry Services; Bulk-Billed Eye Tests; Private Eye Tests from $65; Contact Lens Eye Tests; Visual Fields Testing; Ultra-wide retinal imaging; Optical & Sunglass styling; Free frame adjustments,false,"https://www.google.com/maps/place/Bailey+Nelson+Optometrist+-+Toowoomba/@-27.5614002,151.9494249,15z/data=!4m6!3m5!1s0x6b965c68fe8f8435:0x491292664826260e!8m2!3d-27.5614002!4d151.9494249!16s%2Fg%2F11cmxlc1fk?sa=X&ved=1t:2428&ictx=111&coh=219816&entry=tts&g_ep=EgoyMDI0MDgwNS4wKgBIAVAD",Official Google Maps link
mt-gravatt,Bailey Nelson Mt Gravatt - NEW LOCATION,Active,QLD,Upper Mount Gravatt,4122,"Kessels Rd, Upper Mount Gravatt, QLD, 4122",+61737093762,-27.5637584,153.0848465,https://baileynelson.com.au/pages/optometrist-mt-gravatt,Optometry Services; Bulk-Billed Eye Tests; Private Eye Tests from $65; Contact Lens Eye Tests; Visual Fields Testing; Ultra-wide retinal imaging; Optical & Sunglass styling; Free frame adjustments,false,"https://www.google.com/maps/place/Bailey+Nelson+Optometrist+-+Mt+Gravatt/@-27.5637584,153.0848465,15z/data=!4m6!3m5!1s0x6b91458eaaa5f1cf:0x838c72add79cc2bd!8m2!3d-27.5637584!4d153.0848465!16s%2Fg%2F11hxxzrzrt?sa=X&ved=1t:2428&ictx=111&coh=219816&entry=tts&g_ep=EgoyMDI0MDgwNS4wKgBIAVAD",Official Google Maps link
adelaide-arcade,Bailey Nelson Adelaide Arcade,Active,SA,Adelaide,5000,"111-117 Rundle Mall, Adelaide Arcade, Adelaide, SA, 5000",+61870951011,-34.9230131,138.601695,https://baileynelson.com.au/pages/optometrist-adelaide-arcade,Optometry Services; Bulk-Billed Eye Tests; Private Eye Tests from $65; Contact Lens Eye Tests; Visual Fields Testing; Ultra-wide retinal imaging; Optical & Sunglass styling; Free frame adjustments,false,"https://www.google.com/maps/place/Bailey+Nelson+Optometrist+-+Rundle+Mall/@-34.9230131,138.601695,15z/data=!4m6!3m5!1s0x6ab0ced390fdf409:0x85cf954bcaed7dce!8m2!3d-34.9230131!4d138.601695!16s%2Fg%2F11crzx6z0g?sa=X&ved=1t:2428&ictx=111&coh=219816&entry=tts&g_ep=EgoyMDI0MDgwNy4wKgBIAVAD",Official Google Maps link
norwood,Bailey Nelson Norwood,Active,SA,Norwood,5067,"152 The Parade, Norwood, SA, 5067",+61870951012,-34.9214469,138.6347078,https://baileynelson.com.au/pages/optometrist-norwood,Optometry Services; Bulk-Billed Eye Tests; Private Eye Tests from $65; Contact Lens Eye Tests; Visual Fields Testing; Ultra-wide retinal imaging; Optical & Sunglass styling; Free frame adjustments,false,"https://www.google.com/maps/place/Bailey+Nelson+Optometrist+-+Norwood/@-34.9214469,138.6347078,15z/data=!4m6!3m5!1s0x6ab0c9ea65c2b143:0x4ffdf0b4f62b58!8m2!3d-34.9214469!4d138.6347078!16s%2Fg%2F11sx1sw58t?sa=X&ved=1t:2428&ictx=111&coh=219816&entry=tts&g_ep=EgoyMDI0MDgwNy4wKgBIAVAD",Official Google Maps link
marion,Bailey Nelson Marion,Active,SA,Oaklands Park,5046,"297 Diagonal Road, Oaklands Park, SA, 5046",+61870951019,-35.0164765,138.5461336,https://baileynelson.com.au/pages/optometrist-marion,Optometry Services; Bulk-Billed Eye Tests; Private Eye Tests from $65; Contact Lens Eye Tests; Visual Fields Testing; Ultra-wide retinal imaging; Optical & Sunglass styling; Free frame adjustments,false,"https://www.google.com/maps/place/Bailey+Nelson+Optometrist+-+Marion/@-35.0164765,138.5461336,15z/data=!4m6!3m5!1s0x6ab0da6ec9445d07:0xbfa564375f30f3b3!8m2!3d-35.0164765!4d138.5461336!16s%2Fg%2F11g9w33qyr?sa=X&ved=1t:2428&ictx=111&coh=219816&entry=tts&g_ep=EgoyMDI0MDgwNy4wKgBIAVAD",Official Google Maps link
port-adelaide,Bailey Nelson Port Adelaide,Active,SA,Port Adelaide,5015,"200-220 Commercial Road, Port Adelaide, SA, 5015",+61870951010,-34.8484914,138.5055049,https://baileynelson.com.au/pages/optometrist-port-adelaide,Optometry Services; Bulk-Billed Eye Tests; Private Eye Tests from $65; Contact Lens Eye Tests; Visual Fields Testing; Ultra-wide retinal imaging; Optical & Sunglass styling; Free frame adjustments,false,"https://www.google.com/maps/place/Bailey+Nelson+Optometrist+-+Port+Adelaide/@-34.8484914,138.5055049,15z/data=!4m6!3m5!1s0x6ab0c75a19385df5:0xfe766d527a82c81b!8m2!3d-34.8484914!4d138.5055049!16s%2Fg%2F11t03dfn0v?sa=X&ved=1t:2428&ictx=111&coh=219816&entry=tts&g_ep=EgoyMDI0MDgwNy4wKgBIAVAD",Official Google Maps link
hobart,Bailey Nelson Hobart,Active,TAS,Hobart,7000,"35 Murray Street, Hobart, TAS, 7000",+61361640371,-42.8833754,147.3275438,https://baileynelson.com.au/pages/optometrist-hobart,Optometry Services; Bulk-Billed Eye Tests; Private Eye Tests from $65; Contact Lens Eye Tests; Visual Fields Testing; Ultra-wide retinal imaging; Optical & Sunglass styling; Free frame adjustments,false,"https://www.google.com/maps/place/Bailey+Nelson+Optometrist+-+Hobart/@-42.8833754,147.3275438,15z/data=!4m6!3m5!1s0xaa6e75850e5cb2f7:0xc35f5a87759677c!8m2!3d-42.8833754!4d147.3275438!16s%2Fg%2F11f1300tqb?sa=X&ved=1t:2428&ictx=111&coh=219816&entry=tts&g_ep=EgoyMDI0MDgwNy4wKgBIAVAD",Official Google Maps link
hobart-eastlands,Bailey Nelson Hobart Eastlands,Active,TAS,"Rosny Park,",7018,"26 Bligh Street, Rosny Park,, TAS, 7018",+61361640370,-42.8658356,147.3684373,https://baileynelson.com.au/pages/optometrist-hobart-eastlands,Optometry Services; Bulk-Billed Eye Tests; Private Eye Tests from $65; Contact Lens Eye Tests; Visual Fields Testing; Ultra-wide retinal imaging; Optical & Sunglass styling; Free frame adjustments,false,"https://www.google.com/maps/place/Bailey+Nelson+Optometrist+-+Hobart+Eastlands/@-42.8658356,147.3684373,15z/data=!4m6!3m5!1s0xaa6ddf36ace8ef71:0x2d40b52a93366d63!8m2!3d-42.8658356!4d147.3684373!16s%2Fg%2F11s8y__23z?sa=X&ved=1t:2428&ictx=111&coh=219816&entry=tts&g_ep=EgoyMDI0MDgwNy4wKgBIAVAD",Official Google Maps link
berwick,"Bailey Nelson Berwick, Melbourne",Active,VIC,Berwick,3806,"49 High Street, Berwick, VIC, 3806",+61399679894,-38.0309824,145.3465211,https://baileynelson.com.au/pages/optometrist-berwick,Optometry Services; Bulk-Billed Eye Tests; Private Eye Tests from $65; Contact Lens Eye Tests; Visual Fields Testing; Ultra-wide retinal imaging; Optical & Sunglass styling; Free frame adjustments,false,"https://www.google.com/maps/place/Bailey+Nelson+Berwick/@-38.0309824,145.3439462,17z/data=!3m1!4b1!4m6!3m5!1s0x6ad61926500afaa7:0xaaf5472a15795792!8m2!3d-38.0309824!4d145.3465211!16s%2Fg%2F11y_3p15kn?entry=tts&g_ep=EgoyMDI2MDMwOS4wIPu8ASoASAFQAw%3D%3D&skid=8a57c82f-1f05-41eb-af4e-9ae8ea438e3f",Official Google Maps link
brighton,Bailey Nelson Brighton,Active,VIC,Brighton,3186,"36 Church Street, Brighton, VIC, 3186",+61370327719,-37.9132674,144.9932944,https://baileynelson.com.au/pages/optometrist-brighton,Optometry Services; Bulk-Billed Eye Tests; Private Eye Tests from $65; Contact Lens Eye Tests; Visual Fields Testing; Ultra-wide retinal imaging; Optical & Sunglass styling; Free frame adjustments,false,"https://www.google.com/maps/place/Bailey+Nelson+Optometrist+-+Brighton/@-37.9132674,144.9932944,17z/data=!3m1!4b1!4m6!3m5!1s0x6ad66991bae6252d:0x2756f9bd6b8e7024!8m2!3d-37.9132674!4d144.9932944!16s%2Fg%2F11wq4svr2n?entry=tts&g_ep=EgoyMDI1MDEwMi4wIPu8ASoASAFQAw%3D%3D",Official Google Maps link
brunswick,Bailey Nelson Brunswick,Active,VIC,Brunswick,3056,"112 Sydney Road, Brunswick, VIC, 3056",+61 3 9967 9893,-37.7752852,144.960892,https://baileynelson.com.au/pages/optometrist-brunswick,Optometry Services; Bulk-Billed Eye Tests; Private Eye Tests from $65; Contact Lens Eye Tests; Visual Fields Testing; Ultra-wide retinal imaging; Optical & Sunglass styling; Free frame adjustments,false,"https://www.google.com/maps/place/112+Sydney+Rd,+Brunswick+VIC+3056,+Australia/@-37.775302,144.9607629,16z/data=!4m6!3m5!1s0x6ad65ccab3ef035b:0x671dbd96427e3f6b!8m2!3d-37.7752852!4d144.960892!16s%2Fg%2F11rp37pxnj?entry=tts&g_ep=EgoyMDI1MDcwOS4wIPu8ASoASAFQAw%3D%3D&skid=d9113707-3027-4b0f-b0ac-4b3f7818d7d3",Official Google Maps link
camberwell,Bailey Nelson Camberwell,Active,VIC,Camberwell,3124,"562 Burke Road, Camberwell, VIC, 3124",+61370327718,-37.8311297,145.0568745,https://baileynelson.com.au/pages/optometrist-camberwell,Optometry Services; Bulk-Billed Eye Tests; Private Eye Tests from $65; Contact Lens Eye Tests; Visual Fields Testing; Ultra-wide retinal imaging; Optical & Sunglass styling; Free frame adjustments,false,"https://www.google.com/maps/place/Bailey+Nelson+Optometrist+-+Camberwell/@-37.8311297,145.0568745,15z/data=!4m6!3m5!1s0x6ad641846f864db1:0xa8d2316d2a016bc9!8m2!3d-37.8311297!4d145.0568745!16s%2Fg%2F11clysw0xj?sa=X&ved=1t:2428&ictx=111&coh=219816&entry=tts&g_ep=EgoyMDI0MDgwNC4wKgBIAVAD",Official Google Maps link
chadstone,Bailey Nelson Chadstone,Active,VIC,Chadstone,3148,"1341 Dandenong Road, Chadstone, VIC, 3148",+61370327710,-37.8869675,145.0821596,https://baileynelson.com.au/pages/optometrist-chadstone,Optometry Services; Bulk-Billed Eye Tests; Private Eye Tests from $65; Contact Lens Eye Tests; Visual Fields Testing; Ultra-wide retinal imaging; Optical & Sunglass styling; Free frame adjustments,false,"https://www.google.com/maps/place/Bailey+Nelson+Optometrist+-+Chadstone/@-37.8869675,145.0821596,15z/data=!4m6!3m5!1s0x6ad66a65bca0182b:0x1ba159d6f8e5f329!8m2!3d-37.8869675!4d145.0821596!16s%2Fg%2F11b6zv0bb8?sa=X&ved=1t:2428&ictx=111&coh=219816&entry=tts&g_ep=EgoyMDI0MDgwNC4wKgBIAVAD",Official Google Maps link
southland,Bailey Nelson Southland,Active,VIC,Cheltenham,3192,"1239 Nepean Highway, Cheltenham, VIC, 3192",+61399679896,-37.9579655,145.0538192,https://baileynelson.com.au/pages/optometrist-southland,Optometry Services; Bulk-Billed Eye Tests; Private Eye Tests from $65; Contact Lens Eye Tests; Visual Fields Testing; Ultra-wide retinal imaging; Optical & Sunglass styling; Free frame adjustments,false,"https://www.google.com/maps/place/Bailey+Nelson+Southland/@-37.9579655,145.0538192,15z/data=!4m6!3m5!1s0x6ad66c213d00d91f:0x347f10ef34bf5a99!8m2!3d-37.9579655!4d145.0538192!16s%2Fg%2F11gf5jl2_3?coh=219816&entry=tts&g_ep=EgoyMDI0MDgwNC4wKgBIAVAD",Official Google Maps link
doncaster,Bailey Nelson Doncaster,Active,VIC,Doncaster,3108,"Doncaster Rd & Williamsons Rd, Doncaster, VIC, 3108",+61399679899,-37.78573,145.1254825,https://baileynelson.com.au/pages/optometrist-doncaster,Optometry Services; Bulk-Billed Eye Tests; Private Eye Tests from $65; Contact Lens Eye Tests; Visual Fields Testing; Ultra-wide retinal imaging; Optical & Sunglass styling; Free frame adjustments,false,"https://www.google.com/maps/place/Bailey+Nelson+Optometrist+-+Doncaster/@-37.78573,145.1254825,15z/data=!4m6!3m5!1s0x6ad6476f3700f64d:0x94a9f44175d5a96!8m2!3d-37.78573!4d145.1254825!16s%2Fg%2F11f0qfqp2r?sa=X&ved=1t:2428&ictx=111&coh=219816&entry=tts&g_ep=EgoyMDI0MDgwNC4wKgBIAVAD",Official Google Maps link
fitzroy,Bailey Nelson Fitzroy,Active,VIC,Fitzroy,3065,"161 Gertrude Street, Fitzroy, VIC, 3065",+61399679890,-37.8058309,144.979956,https://baileynelson.com.au/pages/optometrist-fitzroy,Optometry Services; Bulk-Billed Eye Tests; Private Eye Tests from $65; Contact Lens Eye Tests; Visual Fields Testing; Ultra-wide retinal imaging; Optical & Sunglass styling; Free frame adjustments,false,"https://www.google.com/maps/place/Bailey+Nelson+Optometrist+-+Fitzroy/@-37.8058309,144.979956,15z/data=!4m6!3m5!1s0x6ad642dc4ee08d31:0x6089aebaefdc7bc0!8m2!3d-37.8058309!4d144.979956!16s%2Fg%2F11fy4f8_5t?sa=X&ved=1t:2428&ictx=111&coh=219816&entry=tts&g_ep=EgoyMDI0MDgwNC4wKgBIAVAD",Official Google Maps link
bayside-frankston,Bailey Nelson Frankston,Active,VIC,Frankston,3199,"28 Beach Street, Frankston, VIC, 3199",+61399679897,-38.1403059,145.1249159,https://baileynelson.com.au/pages/optometrist-bayside-frankston,Optometry Services; Bulk-Billed Eye Tests; Private Eye Tests from $65; Contact Lens Eye Tests; Visual Fields Testing; Ultra-wide retinal imaging; Optical & Sunglass styling; Free frame adjustments,false,"https://www.google.com/maps/place/Bailey+Nelson+Optometrist+-+Frankston/@-38.1403059,145.1249159,15z/data=!4m6!3m5!1s0x6ad675826d04ad71:0xf09e753f91411e54!8m2!3d-38.1403059!4d145.1249159!16s%2Fg%2F11q4dkk7qw?sa=X&ved=1t:2428&ictx=111&coh=219816&entry=tts&g_ep=EgoyMDI0MDgwNC4wKgBIAVAD",Official Google Maps link
glen-waverley,Bailey Nelson Glen Waverley,Active,VIC,Glen Waverley,3150,"235 Springvale Rd, Glen Waverley, VIC, 3150",+61370327715,-37.8763093,145.1652131,https://baileynelson.com.au/pages/optometrist-glen-waverley,Optometry Services; Bulk-Billed Eye Tests; Private Eye Tests from $65; Contact Lens Eye Tests; Visual Fields Testing; Ultra-wide retinal imaging; Optical & Sunglass styling; Free frame adjustments,false,"https://www.google.com/maps/place/Bailey+Nelson+Optometrist+-+The+Glen/@-37.8763093,145.1652131,15z/data=!4m6!3m5!1s0x6ad63fb24bf93ffb:0x26aef12573fdaf50!8m2!3d-37.8763093!4d145.1652131!16s%2Fg%2F11fm4zmn4d?sa=X&ved=1t:2428&ictx=111&coh=219816&entry=tts&g_ep=EgoyMDI0MDgwNC4wKgBIAVAD",Official Google Maps link
malvern,Bailey Nelson Malvern,Active,VIC,Malvern,3144,"109 Glenferrie Road, Malvern, VIC, 3144",+61370327713,-37.862122,145.028151,https://baileynelson.com.au/pages/optometrist-malvern,Optometry Services; Bulk-Billed Eye Tests; Private Eye Tests from $65; Contact Lens Eye Tests; Visual Fields Testing; Ultra-wide retinal imaging; Optical & Sunglass styling; Free frame adjustments,false,"https://www.google.com/maps/place/Bailey+Nelson+Optometrist+-+Malvern/@-37.862122,145.028151,15z/data=!4m6!3m5!1s0x6ad66963d8877257:0x8a6661362b540f11!8m2!3d-37.862122!4d145.028151!16s%2Fg%2F11rdc87jp_?sa=X&ved=1t:2428&ictx=111&coh=219816&entry=tts&g_ep=EgoyMDI0MDgwNC4wKgBIAVAD",Official Google Maps link
highpoint,Bailey Nelson Highpoint,Active,VIC,Maribyrnong,3032,"120-200 Rosamond Rd, Maribyrnong, VIC, 3032",+61399679898,-37.7731817,144.8887561,https://baileynelson.com.au/pages/optometrist-highpoint,Optometry Services; Bulk-Billed Eye Tests; Private Eye Tests from $65; Contact Lens Eye Tests; Visual Fields Testing; Ultra-wide retinal imaging; Optical & Sunglass styling; Free frame adjustments,false,"https://www.google.com/maps/place/Bailey+Nelson+Optometrist+-+Highpoint/@-37.7731817,144.8887561,15z/data=!4m6!3m5!1s0x6ad65d6a48804fa9:0x8100a7a82e65ed22!8m2!3d-37.7731817!4d144.8887561!16s%2Fg%2F11g1n_rwhh?sa=X&ved=1t:2428&ictx=111&coh=219816&entry=tts&g_ep=EgoyMDI0MDgwNC4wKgBIAVAD",Official Google Maps link
flinders-lane-melbourne,Bailey Nelson Flinders Lane,Active,VIC,Melbourne,3000,"239 Flinders Lane, Melbourne, VIC, 3000",+61399679892,-37.816811,144.966426,https://baileynelson.com.au/pages/optometrist-flinders-lane-melbourne,Optometry Services; Bulk-Billed Eye Tests; Private Eye Tests from $65; Contact Lens Eye Tests; Visual Fields Testing; Ultra-wide retinal imaging; Optical & Sunglass styling; Free frame adjustments,false,"https://www.google.com/maps/place/Bailey+Nelson+Optometrist+-+Flinders+Lane/@-37.816811,144.966426,15z/data=!4m6!3m5!1s0x6ad642b42688876f:0x436f0eb312fcafa4!8m2!3d-37.816811!4d144.966426!16s%2Fg%2F11c5bhc6mj?sa=X&ved=1t:2428&ictx=111&coh=219816&entry=tts&g_ep=EgoyMDI0MDgwNC4wKgBIAVAD",Official Google Maps link
melbourne-cbd,Bailey Nelson Melbourne Central,Active,VIC,Melbourne,3000,"211 La Trobe St, Melbourne, VIC, 3000",+61370327714,-37.8113788,144.9634657,https://baileynelson.com.au/pages/optometrist-melbourne-cbd,Optometry Services; Bulk-Billed Eye Tests; Private Eye Tests from $65; Contact Lens Eye Tests; Visual Fields Testing; Ultra-wide retinal imaging; Optical & Sunglass styling; Free frame adjustments,false,"https://www.google.com/maps/place/Bailey+Nelson+Optometrist+-+Melbourne+Central/@-37.8113788,144.9634657,15z/data=!4m6!3m5!1s0x6ad642caf177ee0d:0xd668fceedd68f425!8m2!3d-37.8113788!4d144.9634657!16s%2Fg%2F1q62l7bph?sa=X&ved=1t:2428&ictx=111&coh=219816&entry=tts&g_ep=EgoyMDI0MDgwNC4wKgBIAVAD",Official Google Maps link
moonee-ponds,Bailey Nelson Moonee Ponds,Active,VIC,Moonee Ponds,3039,"38 Puckle Street, Moonee Ponds, VIC, 3039",,-37.7668114,144.9234451,https://baileynelson.com.au/pages/optometrist-moonee-ponds,Optometry Services; Bulk-Billed Eye Tests; Private Eye Tests from $65; Contact Lens Eye Tests; Visual Fields Testing; Ultra-wide retinal imaging; Optical & Sunglass styling; Free frame adjustments,false,https://nominatim.openstreetmap.org/search?format=jsonv2&countrycodes=au&limit=1&q=38+Puckle+Street%2C+Moonee+Ponds%2C+VIC%2C+3039,OpenStreetMap Nominatim address fallback
mornington,Bailey Nelson Mornington,Active,VIC,Mornington,3931,"170 Main St, Mornington, VIC, 3931",+61399625523,-38.2212485,145.0400858,https://baileynelson.com.au/pages/optometrist-mornington,Optometry Services; Bulk-Billed Eye Tests; Private Eye Tests from $65; Contact Lens Eye Tests; Visual Fields Testing; Ultra-wide retinal imaging; Optical & Sunglass styling; Free frame adjustments,false,https://nominatim.openstreetmap.org/search?format=jsonv2&countrycodes=au&limit=1&q=170+Main+St%2C+Mornington%2C+VIC%2C+3931,OpenStreetMap Nominatim address fallback
geelong,Bailey Nelson Geelong,Active,VIC,Newtown,3220,"331 Pakington St, Newtown, VIC, 3220",+61 3 5212 9059,-38.1565918,144.3450903,https://baileynelson.com.au/pages/optometrist-geelong,Optometry Services; Bulk-Billed Eye Tests; Private Eye Tests from $65; Contact Lens Eye Tests; Visual Fields Testing; Ultra-wide retinal imaging; Optical & Sunglass styling; Free frame adjustments,false,"https://www.google.com/maps/place/Bailey+Nelson+Optometrist+-+Geelong/@-38.1565918,144.3450903,17z/data=!3m1!4b1!4m6!3m5!1s0x6ad4131492fdd287:0xc4e816c6ef6c7739!8m2!3d-38.1565918!4d144.3450903!16s%2Fg%2F11lzd7kvp7?entry=tts&g_ep=EgoyMDI2MDIwNC4wIPu8ASoASAFQAw%3D%3D&skid=0e8a8df4-3a28-4960-af62-b093db8e3968",Official Google Maps link
northland,Bailey Nelson Northland,Active,VIC,Preston,3072,"2-50 Murray Road, Preston, VIC, 3072",+61399679895,-37.7378097,145.0307983,https://baileynelson.com.au/pages/optometrist-northland,Optometry Services; Bulk-Billed Eye Tests; Private Eye Tests from $65; Contact Lens Eye Tests; Visual Fields Testing; Ultra-wide retinal imaging; Optical & Sunglass styling; Free frame adjustments,false,"https://www.google.com/maps/place/Bailey+Nelson+Optometrist+-+Northland/@-37.7378097,145.0307983,15z/data=!4m6!3m5!1s0x6ad645003f13256b:0x53ffa8c29fb7610a!8m2!3d-37.7378097!4d145.0307983!16s%2Fg%2F11pzyp8lkc?sa=X&ved=1t:2428&ictx=111&coh=219816&entry=tts&g_ep=EgoyMDI0MDgwNC4wKgBIAVAD",Official Google Maps link
richmond,Bailey Nelson Richmond,Active,VIC,Richmond,3121,"224 Swan Street, Richmond, VIC, 3121",+61370327716,-37.8258213,144.9970926,https://baileynelson.com.au/pages/optometrist-richmond,Optometry Services; Bulk-Billed Eye Tests; Private Eye Tests from $65; Contact Lens Eye Tests; Visual Fields Testing; Ultra-wide retinal imaging; Optical & Sunglass styling; Free frame adjustments,false,"https://www.google.com/maps/place/224+Swan+St,+Cremorne+VIC+3121,+Australia/@-37.8258213,144.9945177,17z/data=!4m6!3m5!1s0x6ad6428ce2c3c563:0xb91c64f85ec1637e!8m2!3d-37.8258213!4d144.9970926!16s%2Fg%2F11bw3y4p1f?entry=tts&g_ep=EgoyMDI2MDEwNy4wIPu8ASoASAFQAw%3D%3D&skid=d512f973-8888-4c35-b306-957fe295b840",Official Google Maps link
eastland-shopping-centre,Bailey Nelson Eastland - New Location,Active,VIC,Ringwood,3134,"171 - 175 Maroondah Highway, Ringwood, VIC, 3134",+61370327717,-37.8139631,145.2295468,https://baileynelson.com.au/pages/optometrist-eastland-shopping-centre,Optometry Services; Bulk-Billed Eye Tests; Private Eye Tests from $65; Contact Lens Eye Tests; Visual Fields Testing; Ultra-wide retinal imaging; Optical & Sunglass styling; Free frame adjustments,false,"https://www.google.com/maps/place/Bailey+Nelson+Optometrist+-+Eastland/@-37.8139631,145.2295468,15z/data=!4m6!3m5!1s0x6ad63bd4286bc85d:0xc96cb5810dd1be14!8m2!3d-37.8139631!4d145.2295468!16s%2Fg%2F11bxgbln4d?sa=X&ved=1t:2428&ictx=111&coh=219816&entry=tts&g_ep=EgoyMDI0MDgwNC4wKgBIAVAD",Official Google Maps link
chapel-st-melbourne,Bailey Nelson South Yarra,Active,VIC,South Yarra,3141,"401 Chapel Street, South Yarra, VIC, 3141",+61370327712,-37.845319,144.994222,https://baileynelson.com.au/pages/optometrist-chapel-st-melbourne,Optometry Services; Bulk-Billed Eye Tests; Private Eye Tests from $65; Contact Lens Eye Tests; Visual Fields Testing; Ultra-wide retinal imaging; Optical & Sunglass styling; Free frame adjustments,false,"https://www.google.com/maps/place/Bailey+Nelson+Optometrist+-+South+Yarra/@-37.845319,144.994222,15z/data=!4m6!3m5!1s0x6ad668262021a18b:0xb9b09f4e26fc2e33!8m2!3d-37.845319!4d144.994222!16s%2Fg%2F1q5bmln7k?sa=X&ved=1t:2428&ictx=111&coh=219816&entry=tts&g_ep=EgoyMDI0MDgwNC4wKgBIAVAD",Official Google Maps link
st-kilda,Bailey Nelson St Kilda,Active,VIC,St Kilda,3182,"115 Acland Street, St Kilda, VIC, 3182",+61399625522,-37.8684047,144.9793538,https://baileynelson.com.au/pages/optometrist-st-kilda,Optometry Services; Bulk-Billed Eye Tests; Private Eye Tests from $65; Contact Lens Eye Tests; Visual Fields Testing; Ultra-wide retinal imaging; Optical & Sunglass styling; Free frame adjustments,false,https://nominatim.openstreetmap.org/search?format=jsonv2&countrycodes=au&limit=1&q=115+Acland+Street%2C+St+Kilda%2C+VIC%2C+3182,OpenStreetMap Nominatim address fallback
williamstown,Bailey Nelson Williamstown,Active,VIC,Williamstown,3016,"7/8-18 Ferguson Street, Williamstown, VIC, 3016",+61399679891,-37.8591061,144.9012027,https://baileynelson.com.au/pages/optometrist-williamstown,Optometry Services; Bulk-Billed Eye Tests; Private Eye Tests from $65; Contact Lens Eye Tests; Visual Fields Testing; Ultra-wide retinal imaging; Optical & Sunglass styling; Free frame adjustments,false,"https://www.google.com/maps/place/Bailey+Nelson+Optometrist+-+Williamstown/@-37.8591061,144.9012027,15z/data=!4m6!3m5!1s0x6ad667832a8e9c2f:0xcb97f8f0102cf57e!8m2!3d-37.8591061!4d144.9012027!16s%2Fg%2F11t2qdzd15?sa=X&ved=1t:2428&ictx=111&coh=219816&entry=tts&g_ep=EgoyMDI0MDgwNC4wKgBIAVAD",Official Google Maps link
booragoon,Bailey Nelson Booragoon,Active,WA,Booragoon,6154,"125 Riseley Street, Booragoon, WA, 6154",+61861499475,-32.0338008,115.8356508,https://baileynelson.com.au/pages/optometrist-booragoon,Optometry Services; Bulk-Billed Eye Tests; Private Eye Tests from $65; Contact Lens Eye Tests; Visual Fields Testing; Ultra-wide retinal imaging; Optical & Sunglass styling; Free frame adjustments,false,"https://www.google.com/maps/place/Bailey+Nelson+Optometrist/@-32.0338008,115.8356508,15z/data=!4m6!3m5!1s0x2a32a3b382969703:0x57c67c904a166e37!8m2!3d-32.0338008!4d115.8356508!16s%2Fg%2F11rsh0_c1j?sa=X&ved=1t:2428&ictx=111&coh=219816&entry=tts&g_ep=EgoyMDI0MDgwNS4wKgBIAVAD",Official Google Maps link
carousel,Bailey Nelson Carousel - NEW LOCATION,Active,WA,Cannington,6107,"1382 Albany Hwy, Cannington, WA, 6107",+61861499476,-32.0195395,115.9371842,https://baileynelson.com.au/pages/optometrist-carousel,Optometry Services; Bulk-Billed Eye Tests; Private Eye Tests from $65; Contact Lens Eye Tests; Visual Fields Testing; Ultra-wide retinal imaging; Optical & Sunglass styling; Free frame adjustments,false,"https://www.google.com/maps/place/Bailey+Nelson+Optometrist+-+Carousel/@-32.0195395,115.9371842,15z/data=!4m6!3m5!1s0x2a32bd207d07a1fb:0xd3068636e03b19ce!8m2!3d-32.0195395!4d115.9371842!16s%2Fg%2F11q2tc33tm?sa=X&ved=1t:2428&ictx=111&coh=219816&entry=tts&g_ep=EgoyMDI0MDgwNS4wKgBIAVAD",Official Google Maps link
claremont,Bailey Nelson Claremont,Active,WA,Claremont,6010,"9 Bayview Terrace, Claremont, WA, 6010",+61861499477,-31.9822368,115.7795913,https://baileynelson.com.au/pages/optometrist-claremont,Optometry Services; Bulk-Billed Eye Tests; Private Eye Tests from $65; Contact Lens Eye Tests; Visual Fields Testing; Ultra-wide retinal imaging; Optical & Sunglass styling; Free frame adjustments,false,"https://www.google.com/maps/place/Bailey+Nelson+Optometrist+-+Claremont/@-31.9822368,115.7795913,15z/data=!4m6!3m5!1s0x2a32a4379565d683:0xf49145da5c397a0d!8m2!3d-31.9822368!4d115.7795913!16s%2Fg%2F11f1vmg_ds?sa=X&ved=1t:2428&ictx=111&coh=219816&entry=tts&g_ep=EgoyMDI0MDgwNS4wKgBIAVAD",Official Google Maps link
fremantle,Bailey Nelson Fremantle,Active,WA,Fremantle,6160,"71 Market Street, Fremantle, WA, 6160",+61861499474,-32.0549593,115.7464942,https://baileynelson.com.au/pages/optometrist-fremantle,Optometry Services; Bulk-Billed Eye Tests; Private Eye Tests from $65; Contact Lens Eye Tests; Visual Fields Testing; Ultra-wide retinal imaging; Optical & Sunglass styling; Free frame adjustments,false,"https://www.google.com/maps/place/Bailey+Nelson+Optometrist/@-32.0549593,115.7464942,15z/data=!4m6!3m5!1s0x2a32a17ab00c0001:0x9476ac21913baf27!8m2!3d-32.0549593!4d115.7464942!16s%2Fg%2F11f2wfdcq_?sa=X&ved=1t:2428&ictx=111&coh=219816&entry=tts&g_ep=EgoyMDI0MDgwNS4wKgBIAVAD",Official Google Maps link
joondalup,Bailey Nelson Joondalup,Active,WA,Joondalup,6027,"420 Joondalup Drive, Joondalup, WA, 6027",+61861499470,-31.7442957,115.767223,https://baileynelson.com.au/pages/optometrist-joondalup,Optometry Services; Bulk-Billed Eye Tests; Private Eye Tests from $65; Contact Lens Eye Tests; Visual Fields Testing; Ultra-wide retinal imaging; Optical & Sunglass styling; Free frame adjustments,false,"https://www.google.com/maps/place/Bailey+Nelson+Optometrist+-+Joondalup/@-31.7442957,115.767223,15z/data=!4m6!3m5!1s0x2bcd531df5ad4159:0xc3d903597c431c53!8m2!3d-31.7442957!4d115.767223!16s%2Fg%2F11h1rg4ybc?sa=X&ved=1t:2428&ictx=111&coh=219816&entry=tts&g_ep=EgoyMDI0MDgwNS4wKgBIAVAD",Official Google Maps link
state-buildings-perth,Bailey Nelson State Buildings Perth CBD,Active,WA,Perth,6000,"Corner Barrack Street and St George's Terrace, Perth, WA, 6000",+61861499471,-31.9555478,115.8600234,https://baileynelson.com.au/pages/optometrist-state-buildings-perth,Optometry Services; Bulk-Billed Eye Tests; Private Eye Tests from $65; Contact Lens Eye Tests; Visual Fields Testing; Ultra-wide retinal imaging; Optical & Sunglass styling; Free frame adjustments,false,"https://www.google.com/maps/place/Bailey+Nelson+Optometrist+-+St+George's+Terrace/@-31.9555478,115.8600234,15z/data=!4m6!3m5!1s0x2a32bb29de59a847:0x9d8dab4cd674b73a!8m2!3d-31.9555478!4d115.8600234!16s%2Fg%2F11cp5r4kps?sa=X&ved=1t:2428&ictx=111&coh=219816&entry=tts&g_ep=EgoyMDI0MDgwNS4wKgBIAVAD",Official Google Maps link
