name,id,state,city,postal_code,full_address,phone,latitude,longitude,services
Belconnen,069,ACT,Belconnen,2617,"City Beach, Westfield Belconnen Shopping Centre, Shop-123/124A, Benjamin Way., Belconnen, ACT, 2617",02 6103 1085,-35.238076,149.065042,"Official City Beach store, Click & Collect"
Ballina,030,NSW,Ballina,2478,"City Beach, Ballina Fair, Shop-4/5, 84 Kerr St., Ballina, NSW, 2478",02 5631 8190,-28.85861,153.559561,"Official City Beach store, Click & Collect"
Brookvale,011,NSW,Brookvale,2100,"City Beach, Westfield Warringah Mall, Shop-2110, 11 Old Pittwater Rd., Brookvale, NSW, 2100",,-33.763223,151.26913,"Official City Beach store, Click & Collect"
Burwood,025,NSW,Burwood,2134,"City Beach, Westfield Burwood Shopping Centre, Shop 1-238/39 100 Burwood Road, Burwood, NSW, 2134",02 9582 4160,-33.8746,151.1059,"Official City Beach store, Click & Collect"
Macarthur,046,NSW,Campbelltown,2560,"City Beach, Macarthur Square Shopping Centre, Shop-82/83, 200 Gilchrist Dr., Campbelltown, NSW, 2560",02 4631 8900,-34.0766,150.7979,"Official City Beach store, Click & Collect"
Charlestown,065,NSW,Charlestown,2290,"City Beach, Charletown Square, Shop-2037, 30 Pearson St., Charlestown, NSW, 2290",02 4942 1057,-32.9652,151.6939,"Official City Beach store, Click & Collect"
Greenhills,039,NSW,East Maitland,2323,"City Beach, Stocklands Green Hills Shopping Centre, Level-1, 1 Molly Morgan Dr., East Maitland, NSW, 2323",02 4013 6115,-32.7624,151.5897,"Official City Beach store, Click & Collect"
Erina,048,NSW,Erina,2250,"City Beach, Erina Fair Shopping Center, Shop-T387, 620-658 Terrigal Dr., Erina, NSW, 2250",02 4302 0476,-33.4382,151.3946,"Official City Beach store, Click & Collect"
Lismore,035,NSW,Lismore,2480,"City Beach, Lismore Shopping Square, Shop-55, 40 Brewster St., Lismore, NSW, 2480",02 6626 4180,-28.8101,153.2854,"Official City Beach store, Click & Collect"
Miranda,088,NSW,Miranda,2228,"City Beach, Westfield Miranda Shopping Centre, Shop-3005/3007, 600 Kingsway., Miranda, NSW, 2228",02 9531 3380,-34.033,151.0864,"Official City Beach store, Click & Collect"
Mt Druitt,036,NSW,Mount Druitt,2770,"City Beach, Westfield Mt Druitt Shopping Centre, Shop-210, Cnr Luxford Rd and Carlisle Ave., Mount Druitt, NSW, 2770",02 9208 6040,-33.7665,150.8189,"Official City Beach store, Click & Collect"
Narellan,047,NSW,Narellan,2567,"City Beach, Narellan Town Centre, Shop-162/165, 326 Camden Valley Way., Narellan, NSW, 2567",02 4605 0296,-34.0408,150.7284,"Official City Beach store, Click & Collect"
Macquarie,058,NSW,North Ryde,2113,"City Beach, Macquarie Centre, Shop-446, Cnr Herring Rd and Waterloo Rd., North Ryde, NSW, 2113",02 9448 1500,-33.7764,151.1197,"Official City Beach store, Click & Collect"
Nowra,086,NSW,Nowra,2541,"City Beach, Stockland Nowra Shopping Centre, Shop-051, 32-60 East St., Nowra, NSW, 2541",02 4409 2913,-34.877091,150.606066,"Official City Beach store, Click & Collect"
Parramatta,017,NSW,Parramatta,2150,"City Beach, Westfield Parramatta Shopping Centre, Shop-2112/2113, Level-2, 159-175 Church St., Parramatta, NSW, 2150",02 8855 3740,-33.8177,151.0021,"Official City Beach store, Click & Collect"
Penrith,045,NSW,Penrith,2750,"City Beach, Westfield Penrith Shopping Centre, Shop-95, 585 High St., Penrith, NSW, 2750",02 4729 8000,-33.7511,150.6924,"Official City Beach store, Click & Collect"
Port Macquarie,085,NSW,Port Macquarie,2444,"City Beach, Settlement City, Shop-T47/T48 , Bay St & Cnr Park., Port Macquarie, NSW, 2444",02 6590 1891,-31.429188,152.892273,"Official City Beach store, Click & Collect"
Rouse Hill,059,NSW,Rouse Hill,2155,"City Beach, Rouse Hill Town Centre, Shop-GR099, 10 Market Lane., Rouse Hill, NSW, 2155",02 9629 2255,-33.691,150.9233,"Official City Beach store, Click & Collect"
Shell Harbour,067,NSW,Shellharbour,2528,"City Beach, Stockland Shellharbour, Shop-2005, 211 Lake Entrance Rd., Shellharbour, NSW, 2528",02 4251 8910,-34.5649,150.8366,"Official City Beach store, Click & Collect"
Tuggerah,027,NSW,Tuggerah,2259,"City Beach, Westfield Tuggerah Shopping Centre, Shop-1097/1098, 50 Wyong Rd., Tuggerah, NSW, 2259",02 4356 7390,-33.3084,151.4123,"Official City Beach store, Click & Collect"
Tweed City,057,NSW,Tweed Heads South,2486,"City Beach, Tweed City Shopping Centre, Shop-122A, 54 Minjungbal Dr., Tweed Heads South, NSW, 2486",07 5569 9320,-28.2009,153.5371,"Official City Beach store, Click & Collect"
Wollongong,033,NSW,Wollongong,2500,"City Beach, Wollongong Central, Shop-W105/106, Ground Level, 200 Crown St., Wollongong, NSW, 2500",02 4201 0199,-34.424504,150.893147,"Official City Beach store, Click & Collect"
Darwin,083,NT,Casuarina,0810,"City Beach, Casuarina Square Shopping Center, Shop-231, 247 Trower Rd., Casuarina, NT, 0810",08 8920 8300,-12.3754,130.8786,"Official City Beach store, Click & Collect"
Airlie Beach,072,QLD,Airlie Beach,4802,"City Beach, 380 Shute Harbour Rd., Airlie Beach, QLD, 4802",07 4967 7170,-20.269194,148.716532,"Official City Beach store, Click & Collect"
Queen Street,020,QLD,Brisbane,4000,"City Beach, Queen Street Mall, 120 Queen St., Brisbane, QLD, 4000",07 3405 8820,-27.47,153.0246,"Official City Beach store, Click & Collect"
Pacific Fair,010,QLD,Broadbeach,4218,"City Beach, Pacific Fair Shopping Centre, Shop-1551/2-30 Hooker Blvd, Broadbeach, QLD, 4218",07 5583 9720,-28.036,153.427,"Official City Beach store, Click & Collect"
Browns Plains,007,QLD,Browns Plains,4118,"City Beach, Grand Plaza Shopping Centre, Shop-70, 27-49 Browns Plains Rd., Browns Plains, QLD, 4118",07 3884 7690,-27.6603,153.041,"Official City Beach store, Click & Collect"
Kawana,018,QLD,Buddina,4575,"City Beach, Kawana Shoppingworld, Shop-343, 119 Point Cartwright Dr., Buddina, QLD, 4575",07 5470 9100,-26.7023,153.1307,"Official City Beach store, Click & Collect"
Cairns,028,QLD,Cairns City,4870,"City Beach, Cairns Central Shopping Centre, Shop-1, 21 McLeod St., Cairns City, QLD, 4870",07 4048 8120,-16.9246,145.7716,"Official City Beach store, Click & Collect"
Carindale,006,QLD,Carindale,4152,"City Beach, Westfield Carindale Shopping Centre, Shop-2010, Level-1, 1151 Creek Road, Carindale, QLD, 4152",07 3405 8830,-27.5027,153.1023,"Official City Beach store, Click & Collect"
Chermside,005,QLD,Chermside,4032,"City Beach, Westfield Chermside Shopping Centre, Shop-106/107, Cnr Gympie Rd and Hamilton Rd., Chermside, QLD, 4032",07 3632 3200,-27.3804,153.0329,"Official City Beach store, Click & Collect"
Coomera,043,QLD,Coomera,4209,"City Beach, Westfield Coomera Shopping Center, Shop-MM4, 103 Foxwell Rd., Coomera, QLD, 4209",07 5600 0970,-27.8541,153.3156,"Official City Beach store, Click & Collect"
Earlville,040,QLD,Earlville,4870,"City Beach, Stocklands Cairns Shopping Centre, Shop-77/78, 537 Mulgrave Rd., Earlville, QLD, 4870",07 4033 4300,-16.9438,145.7394,"Official City Beach store, Click & Collect"
Helensvale,038,QLD,Helensvale,4212,"City Beach, Westfield Helensvale Shopping Centre, Shop-1024, 1 Millaroo Dr., Helensvale, QLD, 4212",07 5519 4837,-27.9261,153.3364,"Official City Beach store, Click & Collect"
Indooroopilly,004,QLD,Indooroopilly,4068,"City Beach, Indooroopilly Shopping Centre, Shop-3108/3109, 322 Moggill Rd., Indooroopilly, QLD, 4068",03 3896 9090,-27.4994,152.9728,"Official City Beach store, Click & Collect"
Ipswich,053,QLD,Ipswich,4305,"City Beach, Riverlink Shopping Centre, Shop-34A, 1 Lowry St., Ipswich, QLD, 4305",07 3884 6930,-27.6077,152.7598,"Official City Beach store, Click & Collect"
Loganholme,003,QLD,Loganholme,4129,"City Beach, Logan Hyperdome Shopping Centre, Shop-36, Cnr Pacific Hwy and Bryants Rd., Loganholme, QLD, 4129",07 3451 6310,-27.6598,153.1719,"Official City Beach store, Click & Collect"
Canelands,071,QLD,Mackay,4740,"City Beach, Caneland Central, Shop-61, Cnr Victoria St and Mangrove Rd., Mackay, QLD, 4740",07 4967 2290,-21.1381,149.1757,"Official City Beach store, Click & Collect"
Maroochydore,051,QLD,Maroochydore,4558,"City Beach, Sunshine Plaza Shopping Center, Shop-377, 154-164 Horton Pde., Maroochydore, QLD, 4558",07 5453 1940,-26.6538,153.0884,"Official City Beach store, Click & Collect"
Brookside,008,QLD,Mitchelton,4053,"City Beach, Brookside Shopping Centre, Shop-6, 159 Osborne Rd., Mitchelton, QLD, 4053",07 3855 7830,-27.4097,152.9795,"Official City Beach store, Click & Collect"
Morayfield,024,QLD,Morayfield,4506,"City Beach, Morayfield Shopping Centre, Shop-63, 171 Morayfield Rd., Morayfield, QLD, 4506",07 5420 1050,-27.1021,152.9508,"Official City Beach store, Click & Collect"
Mt Gravatt,001,QLD,Mt Gravatt,4122,"City Beach, Westfield Mt Gravatt Shopping Centre, Shop-1009/1010, Cnr Logan Rd and Kessels Rd., Mt Gravatt, QLD, 4122",07 3405 8840,-27.5612,153.0814,"Official City Beach store, Click & Collect"
Noosa,044,QLD,Noosaville,4556,"City Beach, Noosa Civic Shopping Centre, Shop-1005, 28 Eenie Creek Rd., Noosaville, QLD, 4556",07 5470 3030,-26.4168,153.0488,"Official City Beach store, Click & Collect"
North Lakes,082,QLD,North Lakes,4509,"City Beach, Westfield North Lakes Shopping Centre, Shop-1077, Cnr Anzac Ave and North Lakes Dr., North Lakes, QLD, 4509",07 3491 8329,-27.242,153.0159,"Official City Beach store, Click & Collect"
Rockhampton,081,QLD,Park Avenue,4701,"City Beach, Stockland Rockhampton Shopping Centre, Shop-E09, 331 Yaamba Rd., Park Avenue, QLD, 4701",07 4924 3000,-23.3538,150.5202,"Official City Beach store, Click & Collect"
Robina,016,QLD,Robina,4230,"City Beach, Robina Town Centre, Shop-4124/4125, 19 Robina Town Centre Dr., Robina, QLD, 4230",07 5583 4350,-28.0782,153.3854,"Official City Beach store, Click & Collect"
Springfield,054,QLD,Springfield Central,4300,"City Beach, Orion Springfield Town Centre, Shop-43, 1 Main St., Springfield Central, QLD, 4300",07 3381 6000,-27.6774,152.9022,"Official City Beach store, Click & Collect"
Surfers Paradise,014,QLD,Surfers Paradise,4217,"City Beach, Soul Boardwalk, 13 Cavill Ave., Surfers Paradise, QLD, 4217",07 5583 9710,-28.0018,153.4299,"Official City Beach store, Click & Collect"
Willows,100,QLD,Thuringowa,4817,"City Beach, Willows Shopping Center, Shop-186, 13 Hervey Range Rd., Thuringowa, QLD, 4817",(07) 4760 7290,-19.315614,146.725865,"Official City Beach store, Click & Collect"
Toowoomba,026,QLD,Toowoomba,4350,"City Beach, Grand Central Shopping Centre, Shop-56, Cnr Dent St and Margaret St., Toowoomba, QLD, 4350",07 4699 4516,-27.5612,151.9486,"Official City Beach store, Click & Collect"
Townsville,012,QLD,Townsville,4814,"City Beach, Stockland Townsville Shopping Centre, Shop-144, 310 Ross River Rd., Townsville, QLD, 4814",07 4762 7520,-19.2992,146.7632,"Official City Beach store, Click & Collect"
Highpoint,084,VIC,Maribyrnong,3032,"City Beach, Highpoint Shopping Centre, Shop-2125/2126, Level 2, 120-200 Rosamond Rd., Maribyrnong, VIC, 3032",03 9454 9759,-37.773765,144.889664,"Official City Beach store, Click & Collect"
Booragoon,080,WA,Booragoon,6154,"City Beach, Garden City Booragoon, Shop-114, 125 Riseley St., Booragoon, WA, 6154",08 9231 6450,-32.0336,115.8331,"Official City Beach store, Click & Collect"
Bunbury,070,WA,Bunbury,6230,"City Beach, Bunbury Point Shopping Centre, Shop-7, 60 Blair St., Bunbury, WA, 6230",08 9729 7170,-33.326,115.638,"Official City Beach store, Click & Collect"
Carousel,055,WA,Cannington,6107,"City Beach, Westfield Carousel Shopping Center, Shop-MM109, 1382 Albany Hwy., Cannington, WA, 6107",08 6154 9904,-32.0211,115.9391,"Official City Beach store, Click & Collect"
Whitford,079,WA,Hillarys,6025,"City Beach, Westfield Whitford Shopping Centre, Shop-183/184, Cnr Marmion Ave & Whitfords Ave, Hillarys, WA, 6025",08 9401 1950,-31.797071,115.747171,"Official City Beach store, Click & Collect"
Joondalup,076,WA,Joondalup,6027,"City Beach, Lakeside Joondalup Shopping City, Shop-T114, 420 Joondalup Dr., Joondalup, WA, 6027",08 9233 1650,-31.7435,115.7652,"Official City Beach store, Click & Collect"
Karrinyup,078,WA,Karrinyup,6018,"City Beach, Karrinyup Shopping Center, Shop-MJO208, Ground Floor, 200 Karrinyup Rd., Karrinyup, WA, 6018",08 6241 7300,-31.8769,115.7789,"Official City Beach store, Click & Collect"
Mandurah,068,WA,Mandurah,6210,"City Beach Mandurah Forum, Shop-MM3 330 Pinjarra Rd., Mandurah, WA, 6210",08 9555 9478,-32.5361,115.7406,"Official City Beach store, Click & Collect"
Midland Gate,077,WA,Midland,6056,"City Beach, Midland Gate Shopping Centre, Shop-73, 247 Great Eastern Highway., Midland, WA, 6056",08 9232 5100,-31.8892,116.0066,"Official City Beach store, Click & Collect"
Ocean Keys,049,WA,Ocean Keys,6030,"City Beach, Ocean Keys Shopping Centre, Shop-141, 36 Ocean Keys Bvd., Ocean Keys, WA, 6030",08 6202 0039,-31.6911,115.7178,"Official City Beach store, Click & Collect"
Murray Street,034,WA,Perth,6000,"City Beach, Murray Street, 227 Murray St., Perth, WA, 6000",08 9229 6380,-31.9531,115.8591,"Official City Beach store, Click & Collect"
Rockingham,075,WA,Rockingham,6168,"City Beach, Rockingham Shopping Centre, Shop-173, 1 Council Ave., Rockingham, WA, 6168",08 9527 7420,-32.2889,115.7444,"Official City Beach store, Click & Collect"
Cockburn,050,WA,Success,6164,"City Beach, Cockburn Gateway Shopping City, Shop-MM5, 816 Beeliar Dr., Success, WA, 6164",08 6192 3003,-32.128,115.8585,"Official City Beach store, Click & Collect"
