id,name,status,country,state,city,postal_code,full_address,phone,latitude,longitude,official_url,website_url,instagram_url,facebook_url,directory_url,services,audiology,source_url,source_confidence
osm-au-node-2161974913,Arcidiacono,Mapped,Australia,ACT,,,Australia,,-35.279148,149.131408,,,,,,Optical / optician listing,false,https://www.openstreetmap.org/node/2161974913,Community-mapped
osm-au-node-11974077342,Bupa Optical,Mapped,Australia,ACT,,,"Benjamin Way, Australia",,-35.2380552,149.0669499,,,,,,Optical / optician listing,false,https://www.openstreetmap.org/node/11974077342,Community-mapped
osm-au-node-8515803402,Eye Candy,Mapped,Australia,ACT,,,Australia,,-35.2725291,149.1331551,,,,,,Optical / optician listing,false,https://www.openstreetmap.org/node/8515803402,Community-mapped
osm-au-node-2161972681,MacKinley Optical,Mapped,Australia,ACT,,,Australia,,-35.2794781,149.131668,,,,,,Optical / optician listing,false,https://www.openstreetmap.org/node/2161972681,Community-mapped
osm-au-node-1896332017,Optorica,Mapped,Australia,ACT,,,Australia,,-35.3397802,149.0521684,,,,,,Optical / optician listing,false,https://www.openstreetmap.org/node/1896332017,Community-mapped
osm-au-node-3981216558,1001 Optical,Mapped,Australia,NSW,,,Australia,,-33.8766872,151.2063955,,,,,,Optical / optician listing,false,https://www.openstreetmap.org/node/3981216558,Community-mapped
osm-au-node-12769119364,Blue Frog Optics,Mapped,Australia,NSW,,,Australia,,-31.9578837,141.4659196,,,,,,Optical / optician listing,false,https://www.openstreetmap.org/node/12769119364,Community-mapped
osm-au-way-566960696,Brennan & Smith Optometrists,Mapped,Australia,NSW,,,"180 Beardy Street, Australia",,-30.513573,151.6658708,,,,,,Optical / optician listing,false,https://www.openstreetmap.org/way/566960696,Community-mapped
osm-au-node-12803835793,Bupa Optical,Mapped,Australia,NSW,,,Australia,,-33.768156,151.2661442,,,,,,Optical / optician listing,false,https://www.openstreetmap.org/node/12803835793,Community-mapped
osm-au-way-496416221,Bupa Optical,Mapped,Australia,NSW,,,Australia,,-32.9429091,151.7111788,,,,,,Optical / optician listing,false,https://www.openstreetmap.org/way/496416221,Community-mapped
osm-au-node-4491736791,Bupa Optical & Hearing,Mapped,Australia,NSW,,,Australia,,-33.7955379,151.1851698,,,,,,Optical / optician listing,false,https://www.openstreetmap.org/node/4491736791,Community-mapped
osm-au-node-4547826400,Chestr Hill Optical,Mapped,Australia,NSW,,,Australia,,-33.883048,150.9989612,,,,,,Optical / optician listing,false,https://www.openstreetmap.org/node/4547826400,Community-mapped
osm-au-node-4546298895,City Specs,Mapped,Australia,NSW,,,Australia,,-33.9210628,150.9241635,,,,,,Optical / optician listing,false,https://www.openstreetmap.org/node/4546298895,Community-mapped
osm-au-way-423230858,Dresden Vision,Mapped,Australia,NSW,,,"278 King Street, Australia",+61 2 5300 3003,-33.8962627,151.180773,https://dresden.vision/au/stores/newtown,https://dresden.vision/au/stores/newtown,,,,Optical / optician listing,false,https://www.openstreetmap.org/way/423230858,Community-mapped
osm-au-node-11106950103,Eye Care Casino,Mapped,Australia,NSW,,,"76 Barker Street, Australia",,-28.8642438,153.0453362,,,,,,Optical / optician listing,false,https://www.openstreetmap.org/node/11106950103,Community-mapped
osm-au-node-8512027148,Eye Catchers,Mapped,Australia,NSW,,,Australia,,-33.7952636,151.1853505,,,,,,Optical / optician listing,false,https://www.openstreetmap.org/node/8512027148,Community-mapped
osm-au-node-2613244951,Eye care Optometrist,Mapped,Australia,NSW,,,Australia,,-34.0546197,151.151824,,,,,,Optical / optician listing,false,https://www.openstreetmap.org/node/2613244951,Community-mapped
osm-au-node-12706665276,EyeQ,Mapped,Australia,NSW,,,Australia,,-34.6383705,148.0246682,,,,,,Optical / optician listing,false,https://www.openstreetmap.org/node/12706665276,Community-mapped
osm-au-node-4678091420,Eyecare on Q,Mapped,Australia,NSW,,,Australia,+61 2 6299 2020,-35.3512981,149.2331395,,,,,,Optical / optician listing,false,https://www.openstreetmap.org/node/4678091420,Community-mapped
osm-au-node-11898341739,Eyedealeyes Optometrist,Mapped,Australia,NSW,,,Australia,,-33.9142715,151.1530678,,,,,,Optical / optician listing,false,https://www.openstreetmap.org/node/11898341739,Community-mapped
osm-au-node-5893744923,Eyes in Design,Mapped,Australia,NSW,,,Australia,,-33.8861234,151.2733351,,,,,,Optical / optician listing,false,https://www.openstreetmap.org/node/5893744923,Community-mapped
osm-au-node-4996717724,Flanders and Smith,Mapped,Australia,NSW,,,Australia,,-34.3139009,148.2993861,,,,,,Optical / optician listing,false,https://www.openstreetmap.org/node/4996717724,Community-mapped
osm-au-node-10866980758,Florentine Eyewear,Mapped,Australia,NSW,,,Australia,,-33.9081277,150.9212848,,,,,,Optical / optician listing,false,https://www.openstreetmap.org/node/10866980758,Community-mapped
osm-au-node-7176563988,Forestway Optometry,Mapped,Australia,NSW,,,Australia,,-33.7388677,151.2101153,,,,,,Optical / optician listing,false,https://www.openstreetmap.org/node/7176563988,Community-mapped
osm-au-node-11751506894,George & Matilda Eyecare for Optique,Mapped,Australia,NSW,,,Australia,,-33.8772797,151.2434838,,,,,,Optical / optician listing,false,https://www.openstreetmap.org/node/11751506894,Community-mapped
osm-au-node-2755159686,George & Matilda Eyecare for Optique,Mapped,Australia,NSW,,,Australia,,-33.8713691,151.2255679,https://georgeandmatilda.com.au/stores/george-and-matilda-eyecare-for-optique-potts-point/,https://georgeandmatilda.com.au/stores/george-and-matilda-eyecare-for-optique-potts-point/,,,,Optical / optician listing,false,https://www.openstreetmap.org/node/2755159686,Community-mapped
osm-au-node-9894830475,George and Matilda Eyecare,Mapped,Australia,NSW,,,Australia,,-33.8232525,151.1942819,,,,,,Optical / optician listing,false,https://www.openstreetmap.org/node/9894830475,Community-mapped
osm-au-node-9318665504,Glamoureyes,Mapped,Australia,NSW,,,Australia,,-33.7570576,150.6929493,,,,,,Optical / optician listing,false,https://www.openstreetmap.org/node/9318665504,Community-mapped
osm-au-node-8460982632,HCF Eyecare Centres,Mapped,Australia,NSW,,,Australia,,-33.8165647,151.0008465,,,,,,Optical / optician listing,false,https://www.openstreetmap.org/node/8460982632,Community-mapped
osm-au-node-4353406489,Hornsby Optical,Mapped,Australia,NSW,,,Australia,,-33.704036,151.1015408,,,,,,Optical / optician listing,false,https://www.openstreetmap.org/node/4353406489,Community-mapped
osm-au-node-13889357142,Hunter Eye Surgeons,Mapped,Australia,NSW,,,Australia,,-32.7606645,151.5910751,,,,,,Optical / optician listing,false,https://www.openstreetmap.org/node/13889357142,Community-mapped
osm-au-node-13670708403,J & J Optical,Mapped,Australia,NSW,,,Australia,+61 2 4933 0055,-32.7613793,151.5900137,,,,,,Optical / optician listing,false,https://www.openstreetmap.org/node/13670708403,Community-mapped
osm-au-node-4789534885,Kellyville Optical,Mapped,Australia,NSW,,,Australia,,-33.7132082,150.9718462,,,,,,Optical / optician listing,false,https://www.openstreetmap.org/node/4789534885,Community-mapped
osm-au-node-4945481391,Kofsky Optometry,Mapped,Australia,NSW,,,Australia,+61 2 9371 0093,-33.8701345,151.2693489,,,,,,Optical / optician listing,false,https://www.openstreetmap.org/node/4945481391,Community-mapped
osm-au-node-11115368664,Lamas + Brown Optometrists,Mapped,Australia,NSW,,,Australia,,-28.8633178,153.0484871,,,,,,Optical / optician listing,false,https://www.openstreetmap.org/node/11115368664,Community-mapped
osm-au-node-3981230962,Lifestyle Optical,Mapped,Australia,NSW,,,Australia,,-33.8725169,151.2075863,,,,,,Optical / optician listing,false,https://www.openstreetmap.org/node/3981230962,Community-mapped
osm-au-node-12818552017,MaxMara,Mapped,Australia,NSW,,,Australia,,-33.8134329,151.0038399,,,,,,Optical / optician listing,false,https://www.openstreetmap.org/node/12818552017,Community-mapped
osm-au-way-605984555,Metro Specs,Mapped,Australia,NSW,,,Australia,,-33.9070638,151.1716967,,,,,,Optical / optician listing,false,https://www.openstreetmap.org/way/605984555,Community-mapped
osm-au-way-1025379188,Michael Michael Optometrist,Mapped,Australia,NSW,,,"166 Anzac Parade, Australia",+61 2 9697 9044,-33.9094152,151.2237196,https://michaelmichael.com.au/,https://michaelmichael.com.au/,,,,Optical / optician listing,false,https://www.openstreetmap.org/way/1025379188,Community-mapped
osm-au-node-7730212701,Mudgee Eyecare,Mapped,Australia,NSW,,,Australia,,-32.591925,149.5882087,,,,,,Optical / optician listing,false,https://www.openstreetmap.org/node/7730212701,Community-mapped
osm-au-node-10689683737,Myspec,Mapped,Australia,NSW,,,Australia,,-33.8787049,151.2027077,,,,,,Optical / optician listing,false,https://www.openstreetmap.org/node/10689683737,Community-mapped
osm-au-node-11425010142,Narooma Vision,Mapped,Australia,NSW,,,Australia,,-36.2197148,150.1327024,,,,,,Optical / optician listing,false,https://www.openstreetmap.org/node/11425010142,Community-mapped
osm-au-node-3248721542,Neil Anderson Optometrist,Mapped,Australia,NSW,,,"1 Bridge Street, Australia",,-33.7739991,151.0817945,,,,,,Optical / optician listing,false,https://www.openstreetmap.org/node/3248721542,Community-mapped
osm-au-node-9892744780,Oakley,Mapped,Australia,NSW,,,Australia,,-33.8697257,151.2068043,,,,,,Optical / optician listing,false,https://www.openstreetmap.org/node/9892744780,Community-mapped
osm-au-way-1104859305,Optica Eyewear & Eyecare,Mapped,Australia,NSW,,,Australia,,-33.9108368,151.1566629,,,,,,Optical / optician listing,false,https://www.openstreetmap.org/way/1104859305,Community-mapped
osm-au-node-10578256822,Optical 88,Mapped,Australia,NSW,,,Australia,,-33.7953551,151.1855917,,,,,,Optical / optician listing,false,https://www.openstreetmap.org/node/10578256822,Community-mapped
osm-au-node-8639150772,Optical Store,Mapped,Australia,NSW,,,Australia,,-31.4318977,152.9081115,,,,,,Optical / optician listing,false,https://www.openstreetmap.org/node/8639150772,Community-mapped
osm-au-node-4546327090,Optometrists,Mapped,Australia,NSW,,,Australia,,-33.9213668,150.9241029,,,,,,Optical / optician listing,false,https://www.openstreetmap.org/node/4546327090,Community-mapped
osm-au-way-1301075399,Paul Harvey Optometrist,Mapped,Australia,NSW,,,Australia,,-31.092165,150.9198852,,,,,,Optical / optician listing,false,https://www.openstreetmap.org/way/1301075399,Community-mapped
osm-au-node-9354608723,Penrith Spectacles,Mapped,Australia,NSW,,,Australia,,-33.7523535,150.6937738,,,,,,Optical / optician listing,false,https://www.openstreetmap.org/node/9354608723,Community-mapped
osm-au-node-9365266935,Precision Specs,Mapped,Australia,NSW,,,Australia,,-33.764115,150.774663,,,,,,Optical / optician listing,false,https://www.openstreetmap.org/node/9365266935,Community-mapped
osm-au-node-5072911675,Proview,Mapped,Australia,NSW,,,Australia,,-33.7962505,151.1835031,,,,,,Optical / optician listing,false,https://www.openstreetmap.org/node/5072911675,Community-mapped
osm-au-node-4505475885,Rodgers Optical Services,Mapped,Australia,NSW,,,Australia,,-32.9348715,151.7255916,,,,,,Optical / optician listing,false,https://www.openstreetmap.org/node/4505475885,Community-mapped
osm-au-node-4945481560,Rose Bay Eyecare Centre,Mapped,Australia,NSW,,,"New South Head Road, Australia",+61 2 9371 8002,-33.8698944,151.2691806,https://www.eyecarecentre.net.au/,https://www.eyecarecentre.net.au/,,,,Optical / optician listing,false,https://www.openstreetmap.org/node/4945481560,Community-mapped
osm-au-node-2613244961,Shire Optometrists,Mapped,Australia,NSW,,,"23 Cronulla Mall, Australia",,-34.052316,151.152706,,,,,,Optical / optician listing,false,https://www.openstreetmap.org/node/2613244961,Community-mapped
osm-au-node-10624370751,Teachers Health Centre Parramatta,Mapped,Australia,NSW,,,Australia,,-33.812843,151.0070179,,,,,,Optical / optician listing,false,https://www.openstreetmap.org/node/10624370751,Community-mapped
osm-au-node-13911331068,ThankUOptics,Mapped,Australia,NSW,,,Australia,,-33.7880479,150.9496906,,,,,,Optical / optician listing,false,https://www.openstreetmap.org/node/13911331068,Community-mapped
osm-au-node-11751506892,The Eye Scene,Mapped,Australia,NSW,,,Australia,,-33.8769922,151.2424125,,,,,,Optical / optician listing,false,https://www.openstreetmap.org/node/11751506892,Community-mapped
osm-au-node-8228920367,The Eye-Site,Mapped,Australia,NSW,,,Australia,,-34.044437,151.1235161,,,,,,Optical / optician listing,false,https://www.openstreetmap.org/node/8228920367,Community-mapped
osm-au-node-4547827590,The Eyecare,Mapped,Australia,NSW,,,Australia,,-33.9183968,150.9240376,,,,,,Optical / optician listing,false,https://www.openstreetmap.org/node/4547827590,Community-mapped
osm-au-node-11059373801,The Optical Co,Mapped,Australia,NSW,,,"47 Murwillumbah Street, Australia",+61 2 6672 1400,-28.3265354,153.3978416,https://theopticalco.com.au,https://theopticalco.com.au,,,,Optical / optician listing,false,https://www.openstreetmap.org/node/11059373801,Community-mapped
osm-au-node-6461153274,The Optical Co,Mapped,Australia,NSW,,,Australia,,-33.8721489,151.2076306,,,,,,Optical / optician listing,false,https://www.openstreetmap.org/node/6461153274,Community-mapped
osm-au-way-1019628539,The Optical Superstore,Mapped,Australia,NSW,,,Australia,,-30.2838676,153.131089,,,,,,Optical / optician listing,false,https://www.openstreetmap.org/way/1019628539,Community-mapped
osm-au-node-5421723042,View Optometrist,Mapped,Australia,NSW,,,Australia,,-33.8183914,151.003612,,,,,,Optical / optician listing,false,https://www.openstreetmap.org/node/5421723042,Community-mapped
osm-au-node-1081203615,Viewpoint Optical,Mapped,Australia,NSW,,2220,"179 Forest Road, 2220, Australia",,-33.9675717,151.1053584,https://viewpoint-optical.com.au,https://viewpoint-optical.com.au,,,,Optical / optician listing,false,https://www.openstreetmap.org/node/1081203615,Community-mapped
osm-au-node-13343526524,Young Eyes,Mapped,Australia,NSW,,,Australia,,-34.3129797,148.2950229,,,,,,Optical / optician listing,false,https://www.openstreetmap.org/node/13343526524,Community-mapped
osm-au-node-3977545466,Zoom,Mapped,Australia,NSW,,,Australia,,-33.8838293,151.1940062,,,,,,Optical / optician listing,false,https://www.openstreetmap.org/node/3977545466,Community-mapped
osm-au-node-3991780847,avian eyecare,Mapped,Australia,NSW,,,Australia,,-33.8231438,151.194206,,,,,,Optical / optician listing,false,https://www.openstreetmap.org/node/3991780847,Community-mapped
osm-au-node-10930812225,icontact,Mapped,Australia,NSW,,,Australia,,-33.7038165,151.1000669,,,,,,Optical / optician listing,false,https://www.openstreetmap.org/node/10930812225,Community-mapped
osm-au-node-12547015064,Beckenham Optometrist,Mapped,Australia,NSW,Avalon Beach,2107,"15 Old Barrenjoey Road, Avalon Beach, 2107, Australia",,-33.6380911,151.3280654,https://www.beckenhamoptometrist.com.au/,https://www.beckenhamoptometrist.com.au/,,,,Optical / optician listing,false,https://www.openstreetmap.org/node/12547015064,Community-mapped
osm-au-node-12556385824,Eyecare Plus Optometrists,Mapped,Australia,NSW,Avalon Beach,2107,"Bowling Green Lane, Avalon Beach, 2107, Australia",,-33.6355252,151.3282042,https://www.eyecareplus.com.au/avalonbeach/,https://www.eyecareplus.com.au/avalonbeach/,,,,Optical / optician listing,false,https://www.openstreetmap.org/node/12556385824,Community-mapped
osm-au-node-6859346009,Narrabri Vision Splendid Optometrist,Mapped,Australia,NSW,Narrabri,2390,"99 Maitland Street, Narrabri, 2390, Australia",,-30.326314,149.7834456,,,,,,Optical / optician listing,false,https://www.openstreetmap.org/node/6859346009,Community-mapped
osm-au-way-697930957,Eyepower,Mapped,Australia,NSW,Tahmoor,2573,"111-117 Remembrance Driveway, Tahmoor, 2573, Australia",+61 2 4683 1249,-34.2232672,150.5930696,,,,,,Optical / optician listing,false,https://www.openstreetmap.org/way/697930957,Community-mapped
osm-au-node-10820638609,Factory Direct Spectacles,Mapped,Australia,NSW,Wentworthville,2145,"326-336 Great Western Highway, Wentworthville, 2145, Australia",,-33.8151984,150.9720166,,,,,,Optical / optician listing,false,https://www.openstreetmap.org/node/10820638609,Community-mapped
osm-au-way-655284178,Carl Emerton Optometrist,Mapped,Australia,NSW,Wyong,,"70 Pacific Highway, Wyong, Australia",+61 2 4352 1298,-33.2853964,151.4244309,https://www.carlemertonoptometrist.com.au/,https://www.carlemertonoptometrist.com.au/,,,,Optical / optician listing,false,https://www.openstreetmap.org/way/655284178,Community-mapped
osm-au-node-5720362545,NT Optometrists,Mapped,Australia,NT,,,Australia,+61 8 8945 1111,-12.4010018,130.9158862,,,,,,Optical / optician listing,false,https://www.openstreetmap.org/node/5720362545,Community-mapped
osm-au-node-6267324335,Optical Superstore,Mapped,Australia,NT,,,Australia,,-12.4713315,130.9836592,,,,,,Optical / optician listing,false,https://www.openstreetmap.org/node/6267324335,Community-mapped
osm-au-way-1250385845,Optical Superstore,Mapped,Australia,NT,,,Australia,,-12.3752341,130.8808922,,,,,,Optical / optician listing,false,https://www.openstreetmap.org/way/1250385845,Community-mapped
osm-au-node-12785778224,20/20 Eyewear,Mapped,Australia,QLD,,,Australia,,-27.1549277,152.9753332,,,,,,Optical / optician listing,false,https://www.openstreetmap.org/node/12785778224,Community-mapped
osm-au-node-5471854202,About Specs,Mapped,Australia,QLD,,,Australia,,-27.6776221,152.9031516,,,,,,Optical / optician listing,false,https://www.openstreetmap.org/node/5471854202,Community-mapped
osm-au-node-7600973401,Absolute Vision Optometrist,Mapped,Australia,QLD,,,Australia,,-26.6269208,152.96078,,,,,,Optical / optician listing,false,https://www.openstreetmap.org/node/7600973401,Community-mapped
osm-au-node-2798570622,Andrew Angeli - Vision Optics,Mapped,Australia,QLD,,,"95 Vulture Street, Australia",,-27.4810574,153.0119154,https://www.visionoptics.com.au/,https://www.visionoptics.com.au/,,,,Optical / optician listing,false,https://www.openstreetmap.org/node/2798570622,Community-mapped
osm-au-node-2079907028,BrightEyes,Mapped,Australia,QLD,,,Australia,,-20.2688623,148.7190543,,,,,,Optical / optician listing,false,https://www.openstreetmap.org/node/2079907028,Community-mapped
osm-au-node-4772042225,BrightEyes,Mapped,Australia,QLD,,,Australia,,-19.2719712,146.7904875,,,,,,Optical / optician listing,false,https://www.openstreetmap.org/node/4772042225,Community-mapped
osm-au-node-10272461284,BrightEyes Sunglasses,Mapped,Australia,QLD,,,Australia,,-27.2420602,153.0179376,,,,,,Optical / optician listing,false,https://www.openstreetmap.org/node/10272461284,Community-mapped
osm-au-way-1254252545,Bupa,Mapped,Australia,QLD,,,Australia,,-27.4994029,152.9729507,,,,,,Optical / optician listing,false,https://www.openstreetmap.org/way/1254252545,Community-mapped
osm-au-node-3616959074,Christensen Harbison,Mapped,Australia,QLD,,,Australia,,-24.8667,152.3488694,,,,,,Optical / optician listing,false,https://www.openstreetmap.org/node/3616959074,Community-mapped
osm-au-node-3641965394,Clear Optometry,Mapped,Australia,QLD,,,Australia,,-24.8147707,152.463415,,,,,,Optical / optician listing,false,https://www.openstreetmap.org/node/3641965394,Community-mapped
osm-au-node-615108303,Emphasis on Eyecare,Mapped,Australia,QLD,,,Australia,,-27.3718924,152.8864782,,,,,,Optical / optician listing,false,https://www.openstreetmap.org/node/615108303,Community-mapped
osm-au-node-11267057796,Envision Optical,Mapped,Australia,QLD,,,Australia,+61 7 5593 7844,-28.1001233,153.4247078,https://envisionoptical.com.au,https://envisionoptical.com.au,,,,Optical / optician listing,false,https://www.openstreetmap.org/node/11267057796,Community-mapped
osm-au-node-11984932693,Eye Love,Mapped,Australia,QLD,,,Australia,,-16.8765092,145.7537766,,,,,,Optical / optician listing,false,https://www.openstreetmap.org/node/11984932693,Community-mapped
osm-au-node-4845383785,Eye to Eye,Mapped,Australia,QLD,,,Australia,,-27.2407089,153.0146216,,,,,,Optical / optician listing,false,https://www.openstreetmap.org/node/4845383785,Community-mapped
osm-au-node-2812592887,Eyecare Eyewear,Mapped,Australia,QLD,,,Australia,,-27.1812905,151.2674278,,,,,,Optical / optician listing,false,https://www.openstreetmap.org/node/2812592887,Community-mapped
osm-au-node-5267197634,Eyecare Plus,Mapped,Australia,QLD,,,Australia,+61 7 5535 1121,-28.0741296,153.4438519,https://eyecareplus.com.au/miami,https://eyecareplus.com.au/miami,,https://facebook.com/EyecarePlusMiami,,Optical / optician listing,false,https://www.openstreetmap.org/node/5267197634,Community-mapped
osm-au-node-4435526091,EyecarePlus,Mapped,Australia,QLD,,,Australia,,-20.2772966,148.7006022,,,,,,Optical / optician listing,false,https://www.openstreetmap.org/node/4435526091,Community-mapped
osm-au-node-735998260,Eyes On U Optical,Mapped,Australia,QLD,,,Australia,,-27.8518285,153.3005885,,,,,,Optical / optician listing,false,https://www.openstreetmap.org/node/735998260,Community-mapped
osm-au-way-1347944904,For Eyes Only,Mapped,Australia,QLD,,,Australia,,-27.4776022,153.0118667,,,,,,Optical / optician listing,false,https://www.openstreetmap.org/way/1347944904,Community-mapped
osm-au-node-11383213002,G&M My Optical,Mapped,Australia,QLD,,,Australia,,-28.2159878,152.0321745,,,,,,Optical / optician listing,false,https://www.openstreetmap.org/node/11383213002,Community-mapped
osm-au-node-4845383813,George & Matilda Eyecare,Mapped,Australia,QLD,,,Australia,,-27.241537,153.0174839,,,,,,Optical / optician listing,false,https://www.openstreetmap.org/node/4845383813,Community-mapped
osm-au-node-5589514647,Greg Bowyer Eyeware,Mapped,Australia,QLD,,,Australia,,-27.5065365,152.9392126,,,,,,Optical / optician listing,false,https://www.openstreetmap.org/node/5589514647,Community-mapped
osm-au-way-889998872,Hammond Optometry,Mapped,Australia,QLD,,,Australia,,-26.6260426,152.9604114,,,,,,Optical / optician listing,false,https://www.openstreetmap.org/way/889998872,Community-mapped
osm-au-node-12319824788,Image Eyewear,Mapped,Australia,QLD,,,Australia,,-27.5165998,153.0169499,,,,,,Optical / optician listing,false,https://www.openstreetmap.org/node/12319824788,Community-mapped
osm-au-node-5631549727,Knights & Associates Eyecare,Mapped,Australia,QLD,,,Australia,,-27.7185248,153.2028958,,,,,,Optical / optician listing,false,https://www.openstreetmap.org/node/5631549727,Community-mapped
osm-au-node-10104842037,Laubman & Pank,Mapped,Australia,QLD,,,Australia,,-27.5246861,153.1912362,,,,,,Optical / optician listing,false,https://www.openstreetmap.org/node/10104842037,Community-mapped
osm-au-way-1254545304,Laubman & Pank,Mapped,Australia,QLD,,,Australia,,-27.4993334,152.9726376,,,,,,Optical / optician listing,false,https://www.openstreetmap.org/way/1254545304,Community-mapped
osm-au-node-7634594301,Laubman and Pank,Mapped,Australia,QLD,,,Australia,,-27.1034723,152.9499623,,,,,,Optical / optician listing,false,https://www.openstreetmap.org/node/7634594301,Community-mapped
osm-au-node-7092641917,Lense Pro Optometrists,Mapped,Australia,QLD,,,Australia,,-27.5233789,153.1947463,,,,,,Optical / optician listing,false,https://www.openstreetmap.org/node/7092641917,Community-mapped
osm-au-node-8969261058,Morayfield Eyewear,Mapped,Australia,QLD,,,Australia,,-27.0938237,152.9512255,,,,,,Optical / optician listing,false,https://www.openstreetmap.org/node/8969261058,Community-mapped
osm-au-node-12310587681,My2020,Mapped,Australia,QLD,,,Australia,,-27.524313,153.0122943,,,,,,Optical / optician listing,false,https://www.openstreetmap.org/node/12310587681,Community-mapped
osm-au-node-10698432114,Optical Superstore,Mapped,Australia,QLD,,,Australia,,-27.1942502,153.028975,,,,,,Optical / optician listing,false,https://www.openstreetmap.org/node/10698432114,Community-mapped
osm-au-node-12958128048,Optical Superstore,Mapped,Australia,QLD,,,Australia,,-23.1322285,150.7371563,,,,,,Optical / optician listing,false,https://www.openstreetmap.org/node/12958128048,Community-mapped
osm-au-node-13987432119,Optical Superstore,Mapped,Australia,QLD,,,Australia,,-28.1334017,153.4682478,,,,,,Optical / optician listing,false,https://www.openstreetmap.org/node/13987432119,Community-mapped
osm-au-node-14091699299,Optical Superstore,Mapped,Australia,QLD,,,Australia,,-16.9338926,145.7533825,,,,,,Optical / optician listing,false,https://www.openstreetmap.org/node/14091699299,Community-mapped
osm-au-node-3616959028,Optical Superstore,Mapped,Australia,QLD,,,Australia,,-24.8658168,152.349098,,,,,,Optical / optician listing,false,https://www.openstreetmap.org/node/3616959028,Community-mapped
osm-au-node-9406577080,Optical Superstore,Mapped,Australia,QLD,,,Australia,,-26.6517292,153.0870308,,,,,,Optical / optician listing,false,https://www.openstreetmap.org/node/9406577080,Community-mapped
osm-au-node-3612643660,Outlook,Mapped,Australia,QLD,,,Australia,,-24.8670186,152.3494223,,,,,,Optical / optician listing,false,https://www.openstreetmap.org/node/3612643660,Community-mapped
osm-au-node-3808231195,Queensland Eye Specialists,Mapped,Australia,QLD,,,Australia,,-24.8770067,152.3598261,,,,,,Optical / optician listing,false,https://www.openstreetmap.org/node/3808231195,Community-mapped
osm-au-node-12254014860,Sunny Line,Mapped,Australia,QLD,,,Australia,,-27.6081169,152.7582933,,,,,,Optical / optician listing,false,https://www.openstreetmap.org/node/12254014860,Community-mapped
osm-au-node-9789479039,Taylor Eyeware,Mapped,Australia,QLD,,,Australia,,-27.7177721,153.2075336,,,,,,Optical / optician listing,false,https://www.openstreetmap.org/node/9789479039,Community-mapped
osm-au-node-10566668350,The Optical Superstore,Mapped,Australia,QLD,,,Australia,,-27.5249777,153.1905165,,,,,,Optical / optician listing,false,https://www.openstreetmap.org/node/10566668350,Community-mapped
osm-au-node-5590821334,The Optical Superstore,Mapped,Australia,QLD,,,Australia,,-19.2979068,146.762051,,,,,,Optical / optician listing,false,https://www.openstreetmap.org/node/5590821334,Community-mapped
osm-au-node-10272461271,Torga Optical,Mapped,Australia,QLD,,,Australia,,-27.2421027,153.018153,,,,,,Optical / optician listing,false,https://www.openstreetmap.org/node/10272461271,Community-mapped
osm-au-node-9787115074,Vision Precinct,Mapped,Australia,QLD,,,Australia,,-27.8134596,153.2930614,,,,,,Optical / optician listing,false,https://www.openstreetmap.org/node/9787115074,Community-mapped
osm-au-way-1241866996,icontact,Mapped,Australia,QLD,,,Australia,,-27.4993549,152.9726807,,,,,,Optical / optician listing,false,https://www.openstreetmap.org/way/1241866996,Community-mapped
osm-au-node-4797976138,Clarity Optometrists,Mapped,Australia,QLD,Bulimba,4171,"134 Oxford Street, Bulimba, 4171, Australia",+61 7 3899 4044,-27.4510863,153.0583213,https://www.clarityoptom.com.au/,https://www.clarityoptom.com.au/,,,,Optical / optician listing,false,https://www.openstreetmap.org/node/4797976138,Community-mapped
osm-au-node-5738744123,Trevor Williams Optometry,Mapped,Australia,QLD,Coorparoo,4151,"358 Old Cleveland Road, Coorparoo, 4151, Australia",,-27.4934487,153.0606021,https://trevorwilliamsoptometry.com.au/,https://trevorwilliamsoptometry.com.au/,,,,Optical / optician listing,false,https://www.openstreetmap.org/node/5738744123,Community-mapped
osm-au-node-3006156291,Core Optics,Mapped,Australia,QLD,Fortitude Valley,4006,"5K Winn Street, Fortitude Valley, 4006, Australia",+61 402 363 138,-27.4578189,153.0362223,http://www.winnlane.com.au/shop_details/shop/core_optics/section/shop,http://www.winnlane.com.au/shop_details/shop/core_optics/section/shop,,,,Optical / optician listing,false,https://www.openstreetmap.org/node/3006156291,Community-mapped
osm-au-node-4076324335,Optical Warehouse,Mapped,Australia,QLD,Maryborough,4650,"133 Lennox Street, Maryborough, 4650, Australia",,-25.5397579,152.6993733,,,,,,Optical / optician listing,false,https://www.openstreetmap.org/node/4076324335,Community-mapped
osm-au-node-13300409376,iKANDi Sunglasses,Mapped,Australia,QLD,Southport,,"49 Marine Parade, Southport, Australia",,-27.9674438,153.4154742,,,,,,Optical / optician listing,false,https://www.openstreetmap.org/node/13300409376,Community-mapped
osm-au-node-13067885816,Aryoo Eyewear,Mapped,Australia,SA,,,Australia,+61 8 8396 8629,-34.9236253,138.6037824,https://www.aryooeyewear.com.au/,https://www.aryooeyewear.com.au/,,,,Optical / optician listing,false,https://www.openstreetmap.org/node/13067885816,Community-mapped
osm-au-node-13315387402,Eyemedics,Mapped,Australia,SA,,5162,"279 Main South Road, 5162, Australia",,-35.1125379,138.5220285,https://eyemedics.com.au/,https://eyemedics.com.au/,,,,Optical / optician listing,false,https://www.openstreetmap.org/node/13315387402,Community-mapped
osm-au-node-2402171927,Ken Chenery,Mapped,Australia,SA,,,"66 a, Australia",,-34.9236835,138.6020334,,,,,,Optical / optician listing,false,https://www.openstreetmap.org/node/2402171927,Community-mapped
osm-au-node-5977220533,National Pharmacies Optical,Mapped,Australia,SA,,,Australia,,-35.0204536,138.616705,,,,,,Optical / optician listing,false,https://www.openstreetmap.org/node/5977220533,Community-mapped
osm-au-node-8783937933,National Pharmacies Optical,Mapped,Australia,SA,,,Australia,,-34.9213578,138.6348318,,,,,,Optical / optician listing,false,https://www.openstreetmap.org/node/8783937933,Community-mapped
osm-au-node-6389827386,Opt Shop,Mapped,Australia,SA,,,"155 Rundle Mall, Australia",,-34.9228148,138.6052741,,,,,,Optical / optician listing,false,https://www.openstreetmap.org/node/6389827386,Community-mapped
osm-au-node-11103983492,Optical Superstore,Mapped,Australia,SA,,,Australia,,-34.9632672,138.5730914,https://opticalsuperstore.com.au/,https://opticalsuperstore.com.au/,,,,Optical / optician listing,false,https://www.openstreetmap.org/node/11103983492,Community-mapped
osm-au-node-13174858453,Optical Superstore,Mapped,Australia,SA,,,Australia,,-34.9316107,138.5617437,,,,,,Optical / optician listing,false,https://www.openstreetmap.org/node/13174858453,Community-mapped
osm-au-node-13189720700,Optical Superstore,Mapped,Australia,SA,,5086,"5086, Australia",+61 8 8261 2711,-34.8554983,138.6550234,https://opticalsuperstore.com.au/,https://opticalsuperstore.com.au/,,https://www.facebook.com/OpticalSuperstore/,,Optical / optician listing,false,https://www.openstreetmap.org/node/13189720700,Community-mapped
osm-au-node-13253287112,Optical Superstore,Mapped,Australia,SA,,,Australia,,-34.830364,138.6480254,,,,,,Optical / optician listing,false,https://www.openstreetmap.org/node/13253287112,Community-mapped
osm-au-node-4744133082,Port Adelaide Eyewear,Mapped,Australia,SA,,,Australia,,-34.8449717,138.5044317,,,,,,Optical / optician listing,false,https://www.openstreetmap.org/node/4744133082,Community-mapped
osm-au-way-320606401,Riverland Optical,Mapped,Australia,SA,,,"19 East Terrace, Australia",+61 8 8584 5131,-34.4516536,140.5697924,,,,,,Optical / optician listing,false,https://www.openstreetmap.org/way/320606401,Community-mapped
osm-au-node-4837914521,The Optical Superstore,Mapped,Australia,SA,,,Australia,,-35.0179889,138.5466883,,,,,,Optical / optician listing,false,https://www.openstreetmap.org/node/4837914521,Community-mapped
osm-au-node-7571950286,Thomas & Mackay,Mapped,Australia,SA,,,"194 The Parade, Australia",,-34.9212803,138.6363504,,,,,,Optical / optician listing,false,https://www.openstreetmap.org/node/7571950286,Community-mapped
osm-au-node-4671719161,Thomas & Mackay Optometrists,Mapped,Australia,SA,,,Australia,,-35.0154136,138.7357668,,,,,,Optical / optician listing,false,https://www.openstreetmap.org/node/4671719161,Community-mapped
osm-au-node-8019782385,JM Optical,Mapped,Australia,SA,Jamestown,5491,"82 Ayr Street, Jamestown, 5491, Australia",,-33.2050922,138.6038582,,,,,,Optical / optician listing,false,https://www.openstreetmap.org/node/8019782385,Community-mapped
osm-au-node-2415680869,Optometrists on O'Connell,Mapped,Australia,SA,North Adelaide,5006,"27 O'Connell Street, North Adelaide, 5006, Australia",,-34.9083352,138.5965148,,,,,,Optical / optician listing,false,https://www.openstreetmap.org/node/2415680869,Community-mapped
osm-au-node-949241785,See Optometry,Mapped,Australia,SA,Victor Harbor,5211,"157 Hindmarsh Road, Victor Harbor, 5211, Australia",+61 8 8552 9055,-35.5502539,138.6238155,,,,,,Optical / optician listing,false,https://www.openstreetmap.org/node/949241785,Community-mapped
osm-au-node-12319412167,Bupa,Mapped,Australia,TAS,,,Australia,,-42.8823153,147.3262385,,,,,,Optical / optician listing,false,https://www.openstreetmap.org/node/12319412167,Community-mapped
osm-au-node-10657322959,Bupa Optical,Mapped,Australia,TAS,,,Australia,,-42.8822524,147.3263596,,,,,,Optical / optician listing,false,https://www.openstreetmap.org/node/10657322959,Community-mapped
osm-au-node-2597738483,Davis Eye Care,Mapped,Australia,TAS,,,Australia,,-41.1601507,146.5405804,,,,,,Optical / optician listing,false,https://www.openstreetmap.org/node/2597738483,Community-mapped
osm-au-node-9988342653,Davis Eyecare,Mapped,Australia,TAS,,,Australia,,-41.180158,146.3614967,,,,,,Optical / optician listing,false,https://www.openstreetmap.org/node/9988342653,Community-mapped
osm-au-node-1808405751,Eyelines,Mapped,Australia,TAS,,,Australia,,-41.3645699,147.0428287,https://www.eyelines.com.au/,https://www.eyelines.com.au/,,,,Optical / optician listing,false,https://www.openstreetmap.org/node/1808405751,Community-mapped
osm-au-node-2678282621,Eyelines,Mapped,Australia,TAS,,,Australia,,-41.0521419,145.9052447,,,,,,Optical / optician listing,false,https://www.openstreetmap.org/node/2678282621,Community-mapped
osm-au-node-9882917847,Optometry Tasmania,Mapped,Australia,TAS,,,Australia,,-42.8986159,147.3294074,,,,,,Optical / optician listing,false,https://www.openstreetmap.org/node/9882917847,Community-mapped
osm-au-node-2376749009,Optomeyes,Mapped,Australia,TAS,,,Australia,,-42.8958234,147.3285659,,,,,,Optical / optician listing,false,https://www.openstreetmap.org/node/2376749009,Community-mapped
osm-au-node-3148788170,Optomeyes,Mapped,Australia,TAS,,,Australia,,-40.9900644,145.7254755,,,,,,Optical / optician listing,false,https://www.openstreetmap.org/node/3148788170,Community-mapped
osm-au-node-3919500461,Total Eyecare,Mapped,Australia,TAS,,,Australia,,-42.7811602,147.0617806,,,,,,Optical / optician listing,false,https://www.openstreetmap.org/node/3919500461,Community-mapped
osm-au-node-4613613189,Total Eyecare,Mapped,Australia,TAS,,,Australia,,-42.8828832,147.3297125,,,,,,Optical / optician listing,false,https://www.openstreetmap.org/node/4613613189,Community-mapped
osm-au-node-2746896734,Chris Dobson Optometrist,Mapped,Australia,TAS,Burnie,7320,"29 Wilmot Street, Burnie, 7320, Australia",+61 3 6431 3422,-41.0510045,145.9058352,,,,,,Optical / optician listing,false,https://www.openstreetmap.org/node/2746896734,Community-mapped
osm-au-node-9983421754,Eyelines,Mapped,Australia,TAS,Devonport,7310,"Rooke Street, Devonport, 7310, Australia",,-41.1794864,146.3604964,,,,,,Optical / optician listing,false,https://www.openstreetmap.org/node/9983421754,Community-mapped
osm-au-node-2365319231,Total Eyecare Optometrists,Mapped,Australia,TAS,Sandy Bay,7005,"9 Magnet Court, Sandy Bay, 7005, Australia",+61 3 6223 5940,-42.8948109,147.3276045,https://totaleyecare.com.au/,https://totaleyecare.com.au/,,,,Optical / optician listing,false,https://www.openstreetmap.org/node/2365319231,Community-mapped
osm-au-node-6057522187,Ian Liley Optometrist,Mapped,Australia,TAS,Ulverstone,7315,"32 King Edward Street, Ulverstone, 7315, Australia",,-41.1566572,146.1717468,,,,,,Optical / optician listing,false,https://www.openstreetmap.org/node/6057522187,Community-mapped
osm-au-node-12121721359,1001 Optical,Mapped,Australia,VIC,,,Australia,,-37.8196033,145.1208408,,,,,,Optical / optician listing,false,https://www.openstreetmap.org/node/12121721359,Community-mapped
osm-au-node-10774441654,Akers Eyewear,Mapped,Australia,VIC,,,"19 Murray Street, Australia",,-38.6051338,145.5902248,,,,,,Optical / optician listing,false,https://www.openstreetmap.org/node/10774441654,Community-mapped
osm-au-node-4066348933,Amca,Mapped,Australia,VIC,,,Australia,,-37.837465,145.1107427,,,,,,Optical / optician listing,false,https://www.openstreetmap.org/node/4066348933,Community-mapped
osm-au-node-6457257749,Blue Frog Optics,Mapped,Australia,VIC,,,Australia,,-34.1841549,142.1618395,,,,,,Optical / optician listing,false,https://www.openstreetmap.org/node/6457257749,Community-mapped
osm-au-node-2310667483,Bollé Factory Outlet,Mapped,Australia,VIC,,,"172 Wellington Street, Australia",,-37.8032684,144.9868245,,,,,,Optical / optician listing,false,https://www.openstreetmap.org/node/2310667483,Community-mapped
osm-au-node-5152973323,Boroondara Eye Care,Mapped,Australia,VIC,,,Australia,,-37.7921923,145.0930959,,,,,,Optical / optician listing,false,https://www.openstreetmap.org/node/5152973323,Community-mapped
osm-au-way-1031903263,Brighton Eyewear,Mapped,Australia,VIC,,,"49 Church Street, Australia",+61 3 9592 4267,-37.9136739,144.9943682,,,,https://facebook.com/brightoneyewear,,Optical / optician listing,false,https://www.openstreetmap.org/way/1031903263,Community-mapped
osm-au-way-1550521169,Bulleen Eyecare,Mapped,Australia,VIC,,,Australia,,-37.7658978,145.0918238,,,,,,Optical / optician listing,false,https://www.openstreetmap.org/way/1550521169,Community-mapped
osm-au-node-3953229690,Campbellfield Eyecare,Mapped,Australia,VIC,,,"Shop 1B1 Hume Highway, Australia",+61 3 9357 4428,-37.6875166,144.9594299,,,,,,Optical / optician listing,false,https://www.openstreetmap.org/node/3953229690,Community-mapped
osm-au-node-11145701652,Care4eyes,Mapped,Australia,VIC,,,"44 Jackson Court, Australia",+61 3 9848 2766,-37.7888524,145.1493893,,,,,,Optical / optician listing,false,https://www.openstreetmap.org/node/11145701652,Community-mapped
osm-au-way-771544870,Carlton Eyecare Consultants,Mapped,Australia,VIC,,3054,"761 Nicholson Street, 3054, Australia",,-37.7814719,144.9775973,https://carltoneyecare.com.au/,https://carltoneyecare.com.au/,,,,Optical / optician listing,false,https://www.openstreetmap.org/way/771544870,Community-mapped
osm-au-node-4060966864,Collin & kirk,Mapped,Australia,VIC,,,Australia,,-37.7423645,145.0655454,,,,,,Optical / optician listing,false,https://www.openstreetmap.org/node/4060966864,Community-mapped
osm-au-node-12418114627,Complete Optical,Mapped,Australia,VIC,,,"325 Manningham Road, Australia",,-37.7732982,145.1127807,,,,,,Optical / optician listing,false,https://www.openstreetmap.org/node/12418114627,Community-mapped
osm-au-way-637166859,Cranbourne Vision Care,Mapped,Australia,VIC,,,"111 High Street, Australia",,-38.1101879,145.282986,,,,,,Optical / optician listing,false,https://www.openstreetmap.org/way/637166859,Community-mapped
osm-au-node-5203746943,Crystal Eyecare,Mapped,Australia,VIC,,,Australia,,-37.9513399,145.1512461,,,,,,Optical / optician listing,false,https://www.openstreetmap.org/node/5203746943,Community-mapped
osm-au-way-148877743,Darryl Wilson & Associates,Mapped,Australia,VIC,,3355,"1201B Howitt Street, 3355, Australia",+61 3 5339 4561,-37.5404695,143.8307864,https://www.darrylwilson.com.au/,https://www.darrylwilson.com.au/,,,,Optical / optician listing,false,https://www.openstreetmap.org/way/148877743,Community-mapped
osm-au-node-493891538,Donvale Optical,Mapped,Australia,VIC,,,Australia,+61 3 9842 8442,-37.7919663,145.1700793,,,,,,Optical / optician listing,false,https://www.openstreetmap.org/node/493891538,Community-mapped
osm-au-node-5402564830,Dream Eyes,Mapped,Australia,VIC,,,"F13, Australia",,-37.9506545,145.1507984,,,,,,Optical / optician listing,false,https://www.openstreetmap.org/node/5402564830,Community-mapped
osm-au-node-1077951944,Dresden Optics,Mapped,Australia,VIC,,,"225 Smith Street, Australia",+61 3 9417 0527,-37.8024607,144.9834796,https://dresden.com.au/,https://dresden.com.au/,,,,Optical / optician listing,false,https://www.openstreetmap.org/node/1077951944,Community-mapped
osm-au-node-10814212741,Eltham Eyecare,Mapped,Australia,VIC,,,Australia,+61 3 9439 1311,-37.7142819,145.1488002,https://www.elthameyecare.com.au/,https://www.elthameyecare.com.au/,,,,Optical / optician listing,false,https://www.openstreetmap.org/node/10814212741,Community-mapped
osm-au-node-10814212736,Eltham Optical,Mapped,Australia,VIC,,,Australia,,-37.7140522,145.1487028,,,,,,Optical / optician listing,false,https://www.openstreetmap.org/node/10814212736,Community-mapped
osm-au-node-5341866324,Evergreen Optical,Mapped,Australia,VIC,,,Australia,,-37.8843847,145.0585292,,,,,,Optical / optician listing,false,https://www.openstreetmap.org/node/5341866324,Community-mapped
osm-au-way-636860762,Eye & I,Mapped,Australia,VIC,,,"102 Nicholson Street, Australia",,-37.8003511,144.8991381,,,,,,Optical / optician listing,false,https://www.openstreetmap.org/way/636860762,Community-mapped
osm-au-way-631561723,Eye Dentity,Mapped,Australia,VIC,,,"80B Koornang Road, Australia",,-37.8871944,145.0577162,,,,,,Optical / optician listing,false,https://www.openstreetmap.org/way/631561723,Community-mapped
osm-au-way-865564237,Eye Gallery,Mapped,Australia,VIC,,,"20 Malop Street, Australia",+61 3 5222 1260,-38.1470166,144.3591594,https://eyegallery.net.au,https://eyegallery.net.au,,,,Optical / optician listing,false,https://www.openstreetmap.org/way/865564237,Community-mapped
osm-au-node-5999588645,Eye Max Optical,Mapped,Australia,VIC,,,"125 Hopkins Street, Australia",,-37.8000066,144.9007029,,,,,,Optical / optician listing,false,https://www.openstreetmap.org/node/5999588645,Community-mapped
osm-au-way-537154052,Eye Society,Mapped,Australia,VIC,,,"365, Australia",,-37.9528383,145.1524449,,,,,,Optical / optician listing,false,https://www.openstreetmap.org/way/537154052,Community-mapped
osm-au-node-4041199624,EyeCare Plus,Mapped,Australia,VIC,,,"37A Buckingham Avenue, Australia",,-37.950875,145.1513297,,,,,,Optical / optician listing,false,https://www.openstreetmap.org/node/4041199624,Community-mapped
osm-au-node-10705975016,Eyecare Plus,Mapped,Australia,VIC,,3068,"302 Queens Parade, 3068, Australia",,-37.7887699,144.9897716,https://www.eyecareplus.com.au/,https://www.eyecareplus.com.au/,,,,Optical / optician listing,false,https://www.openstreetmap.org/node/10705975016,Community-mapped
osm-au-node-4066348932,Eyecare Plus,Mapped,Australia,VIC,,,Australia,,-37.9674419,145.0739169,,,,,,Optical / optician listing,false,https://www.openstreetmap.org/node/4066348932,Community-mapped
osm-au-node-6065622279,Eyecare Plus,Mapped,Australia,VIC,,,Australia,,-37.8990355,145.0916084,,,,,,Optical / optician listing,false,https://www.openstreetmap.org/node/6065622279,Community-mapped
osm-au-node-5242024739,Eyeline Optical,Mapped,Australia,VIC,,,Australia,,-37.9269261,145.1191581,,,,,,Optical / optician listing,false,https://www.openstreetmap.org/node/5242024739,Community-mapped
osm-au-node-1292397868,Eyes On,Mapped,Australia,VIC,,,Australia,,-37.8141059,144.960091,,,,,,Optical / optician listing,false,https://www.openstreetmap.org/node/1292397868,Community-mapped
osm-au-node-6699795803,Eyes On,Mapped,Australia,VIC,,,Australia,,-37.8198425,144.9432301,,,,,,Optical / optician listing,false,https://www.openstreetmap.org/node/6699795803,Community-mapped
osm-au-way-1031541532,Eyes On Brighton,Mapped,Australia,VIC,,,"37 Church Street, Australia",,-37.9132792,144.9940969,,,,,,Optical / optician listing,false,https://www.openstreetmap.org/way/1031541532,Community-mapped
osm-au-way-992371055,Eyes and Optics,Mapped,Australia,VIC,,,"55 Graham Street, Australia",,-38.60607,145.5941891,,,,,,Optical / optician listing,false,https://www.openstreetmap.org/way/992371055,Community-mapped
osm-au-node-1055773701,Eyescan Toorak,Mapped,Australia,VIC,,,Australia,,-37.840985,145.008853,,,,,,Optical / optician listing,false,https://www.openstreetmap.org/node/1055773701,Community-mapped
osm-au-node-678347804,Eyetech Optometrists,Mapped,Australia,VIC,,,"81-85 Grattan Street, Australia",+61 3 9349 3919,-37.8008779,144.9665114,,,,,,Optical / optician listing,false,https://www.openstreetmap.org/node/678347804,Community-mapped
osm-au-way-266738149,Eyewear on Pako,Mapped,Australia,VIC,,,"128-134 Pakington Street, Australia",+61 3 5222 5353,-38.13942,144.348843,https://eyewearonpako.com.au,https://eyewearonpako.com.au,,https://facebook.com/EyewearOnPako,,Optical / optician listing,false,https://www.openstreetmap.org/way/266738149,Community-mapped
osm-au-node-11699205333,Eyeworks Castlemaine,Mapped,Australia,VIC,,,Australia,,-37.06383,144.2169119,,,,,,Optical / optician listing,false,https://www.openstreetmap.org/node/11699205333,Community-mapped
osm-au-way-150873536,Fairbanks Eye Gallery,Mapped,Australia,VIC,,3350,"917A Sturt Street, 3350, Australia",+61 3 5333 1133,-37.5611019,143.8465665,,,,,,Optical / optician listing,false,https://www.openstreetmap.org/way/150873536,Community-mapped
osm-au-node-6033561738,Felix Optometrist,Mapped,Australia,VIC,,,Australia,,-37.7980203,144.9001113,,,,,,Optical / optician listing,false,https://www.openstreetmap.org/node/6033561738,Community-mapped
osm-au-node-7202507522,Fitzroy North Eye Centre,Mapped,Australia,VIC,,,"798 Nicholson Street, Australia",+61 3 9481 3381,-37.7807027,144.9782306,https://fitzroynortheyecentre.com.au/,https://fitzroynortheyecentre.com.au/,,,,Optical / optician listing,false,https://www.openstreetmap.org/node/7202507522,Community-mapped
osm-au-node-10711723865,GMHBA Health Insurance & Eye Care,Mapped,Australia,VIC,,,Australia,,-38.1475037,144.3640014,,,,,,Optical / optician listing,false,https://www.openstreetmap.org/node/10711723865,Community-mapped
osm-au-node-13592054475,George & Matilda,Mapped,Australia,VIC,,,"75 Vincent Street, Australia",,-37.34309,144.1426424,https://georgeandmatilda.com.au/stores/optometrist-daylesford-vic/,https://georgeandmatilda.com.au/stores/optometrist-daylesford-vic/,,,,Optical / optician listing,false,https://www.openstreetmap.org/node/13592054475,Community-mapped
osm-au-node-1391960501,Glenn Howell Optometrist,Mapped,Australia,VIC,,,"85-87 Gray Street, Australia",+61 3 5572 2185,-37.7438564,142.0227471,https://www.glennhowell.com.au/,https://www.glennhowell.com.au/,,,,Optical / optician listing,false,https://www.openstreetmap.org/node/1391960501,Community-mapped
osm-au-node-13794345661,Henderson Optical,Mapped,Australia,VIC,,,Australia,,-37.8126108,144.9630516,,,,,,Optical / optician listing,false,https://www.openstreetmap.org/node/13794345661,Community-mapped
osm-au-node-4064596156,Ivanhoe Optical,Mapped,Australia,VIC,,,Australia,,-37.7683315,145.0427118,,,,,,Optical / optician listing,false,https://www.openstreetmap.org/node/4064596156,Community-mapped
osm-au-node-13451811746,J F Optical,Mapped,Australia,VIC,,,Australia,,-37.8736227,145.0246518,,,,,,Optical / optician listing,false,https://www.openstreetmap.org/node/13451811746,Community-mapped
osm-au-node-4249862349,JD Wilson Optometrist,Mapped,Australia,VIC,,,"1206 Burwood Highway, Australia",+61 3 9753 6117,-37.8936657,145.3090637,,,,,,Optical / optician listing,false,https://www.openstreetmap.org/node/4249862349,Community-mapped
osm-au-node-12708385217,Kerang Optical,Mapped,Australia,VIC,,,Australia,,-35.7333529,143.9205168,,,,,,Optical / optician listing,false,https://www.openstreetmap.org/node/12708385217,Community-mapped
osm-au-node-4437613792,Kevin Paisley,Mapped,Australia,VIC,,3350,"101 Sturt Street, 3350, Australia",+61 3 5331 6487,-37.5624089,143.8589618,http://www.kevinpaisleyfashioneyewear.com.au/,http://www.kevinpaisleyfashioneyewear.com.au/,,,,Optical / optician listing,false,https://www.openstreetmap.org/node/4437613792,Community-mapped
osm-au-node-2722788714,Kevin Paisley Optometrist,Mapped,Australia,VIC,,,Australia,+61 3 5221 7111,-38.1374523,144.3486958,https://kevinpaisley.com.au,https://kevinpaisley.com.au,,,,Optical / optician listing,false,https://www.openstreetmap.org/node/2722788714,Community-mapped
osm-au-node-11388464351,Kevin Paisley Optometrists,Mapped,Australia,VIC,,,Australia,,-38.1991992,144.3194608,,,,,,Optical / optician listing,false,https://www.openstreetmap.org/node/11388464351,Community-mapped
osm-au-node-11247726506,Kevin Paisley Optometrists Geelong,Mapped,Australia,VIC,,,Australia,+61 3 5229 7144,-38.1505413,144.3646172,https://kevinpaisley.com.au/geelong,https://kevinpaisley.com.au/geelong,,https://facebook.com/kevinpaisleygeelong,,Optical / optician listing,false,https://www.openstreetmap.org/node/11247726506,Community-mapped
osm-au-node-635642145,Kingsway Optical,Mapped,Australia,VIC,,,Australia,,-37.8804989,145.163264,,,,,,Optical / optician listing,false,https://www.openstreetmap.org/node/635642145,Community-mapped
osm-au-node-12260964886,L & F eyecare,Mapped,Australia,VIC,,,Australia,,-38.1763822,146.2652319,,,,,,Optical / optician listing,false,https://www.openstreetmap.org/node/12260964886,Community-mapped
osm-au-way-151049106,Lake Eyewear,Mapped,Australia,VIC,,3355,"1217 Howitt Street, 3355, Australia",+61 3 5338 2708,-37.5403196,143.8290857,,,,,,Optical / optician listing,false,https://www.openstreetmap.org/way/151049106,Community-mapped
osm-au-node-12133147777,Lenswap,Mapped,Australia,VIC,,,Australia,,-37.8447071,144.994403,,,,,,Optical / optician listing,false,https://www.openstreetmap.org/node/12133147777,Community-mapped
osm-au-node-6018880082,Love Optical,Mapped,Australia,VIC,,,"303 Huntingdale Road, Australia",,-37.9100798,145.1035148,,,,,,Optical / optician listing,false,https://www.openstreetmap.org/node/6018880082,Community-mapped
osm-au-node-6004987383,M&M Optix,Mapped,Australia,VIC,,,Australia,,-37.7996466,144.8997612,,,,,,Optical / optician listing,false,https://www.openstreetmap.org/node/6004987383,Community-mapped
osm-au-node-2322537658,Melbourne Optical Centre,Mapped,Australia,VIC,,,"259 Elizabeth Street, Australia",,-37.812611,144.9622022,,,,,,Optical / optician listing,false,https://www.openstreetmap.org/node/2322537658,Community-mapped
osm-au-node-3761152258,Merringtons Optometrists,Mapped,Australia,VIC,,,Australia,,-37.769197,145.000375,,,,,,Optical / optician listing,false,https://www.openstreetmap.org/node/3761152258,Community-mapped
osm-au-node-6457257754,Mildura Optical,Mapped,Australia,VIC,,,Australia,,-34.1857672,142.1592992,,,,,,Optical / optician listing,false,https://www.openstreetmap.org/node/6457257754,Community-mapped
osm-au-way-643816858,Millennium Optical,Mapped,Australia,VIC,,3196,"250A Nepean Highway, 3196, Australia",,-38.0375951,145.1076154,,,,,,Optical / optician listing,false,https://www.openstreetmap.org/way/643816858,Community-mapped
osm-au-node-5298765143,Modern Eyecare,Mapped,Australia,VIC,,,Australia,,-37.9496783,145.1516571,,,,,,Optical / optician listing,false,https://www.openstreetmap.org/node/5298765143,Community-mapped
osm-au-node-3416932972,Monash Eyecare,Mapped,Australia,VIC,,,Australia,,-37.9115865,145.1326612,,,,,,Optical / optician listing,false,https://www.openstreetmap.org/node/3416932972,Community-mapped
osm-au-way-1343917840,Mornington Specialist Eye Clinic,Mapped,Australia,VIC,,,"94 Tanti Avenue, Australia",,-38.2223247,145.0455496,,,,,,Optical / optician listing,false,https://www.openstreetmap.org/way/1343917840,Community-mapped
osm-au-node-12483858291,Mujosh,Mapped,Australia,VIC,,,Australia,,-37.8104958,144.9655499,,,,,,Optical / optician listing,false,https://www.openstreetmap.org/node/12483858291,Community-mapped
osm-au-way-616285448,Myspecs,Mapped,Australia,VIC,,,"259 Hampshire Road, Australia",,-37.7841859,144.8318189,,,,,,Optical / optician listing,false,https://www.openstreetmap.org/way/616285448,Community-mapped
osm-au-way-834134252,New Vision Eyewear,Mapped,Australia,VIC,,,"166 Malop Street, Australia",+61 3 5222 4042,-38.1487872,144.3647345,https://newvisioneyewear.com.au,https://newvisioneyewear.com.au,,,,Optical / optician listing,false,https://www.openstreetmap.org/way/834134252,Community-mapped
osm-au-way-266792569,New Vision Eyewear Lara,Mapped,Australia,VIC,,,"10 The Centreway, Australia",+61 3 5282 4422,-38.0228735,144.4076735,https://newvisioneyewear.com.au/home,https://newvisioneyewear.com.au/home,,https://facebook.com/NewVisionLara,,Optical / optician listing,false,https://www.openstreetmap.org/way/266792569,Community-mapped
osm-au-node-5213706373,Nghệ Quang,Mapped,Australia,VIC,,,Australia,,-37.9516109,145.1513431,,,,,,Optical / optician listing,false,https://www.openstreetmap.org/node/5213706373,Community-mapped
osm-au-way-538981057,Noble Optical,Mapped,Australia,VIC,,,"1A Leonard Avenue, Australia",,-37.9676951,145.1763027,,,,,,Optical / optician listing,false,https://www.openstreetmap.org/way/538981057,Community-mapped
osm-au-node-11005509356,Northcote Optical,Mapped,Australia,VIC,,3070,"276 High Street, 3070, Australia",,-37.7722509,144.9985685,https://northcoteoptical.com.au/,https://northcoteoptical.com.au/,,,,Optical / optician listing,false,https://www.openstreetmap.org/node/11005509356,Community-mapped
osm-au-way-1155178989,O'Donnell Optical,Mapped,Australia,VIC,,,"74 Chapel Street, Australia",+61 3 5952 5771,-38.4500668,145.2378139,,,,,,Optical / optician listing,false,https://www.openstreetmap.org/way/1155178989,Community-mapped
osm-au-node-1789722880,Oakleigh Eye Centre,Mapped,Australia,VIC,,,"135 Warrigal Road, Australia",+61 3 9568 7706,-37.903883,145.0859521,,,,,,Optical / optician listing,false,https://www.openstreetmap.org/node/1789722880,Community-mapped
osm-au-node-2296927160,Optical Royale Optometrist,Mapped,Australia,VIC,,,Australia,,-37.889866,145.042654,https://www.opticalroyale.com.au,https://www.opticalroyale.com.au,,,,Optical / optician listing,false,https://www.openstreetmap.org/node/2296927160,Community-mapped
osm-au-node-3403667607,Optometrist,Mapped,Australia,VIC,,,Australia,,-37.6893754,144.9608007,,,,,,Optical / optician listing,false,https://www.openstreetmap.org/node/3403667607,Community-mapped
osm-au-node-4041048209,Optometrist,Mapped,Australia,VIC,,,Australia,,-37.9494928,145.152215,,,,,,Optical / optician listing,false,https://www.openstreetmap.org/node/4041048209,Community-mapped
osm-au-node-5227802671,Optometrist,Mapped,Australia,VIC,,,Australia,,-37.9872508,145.2163583,,,,,,Optical / optician listing,false,https://www.openstreetmap.org/node/5227802671,Community-mapped
osm-au-way-641539883,Optometrist,Mapped,Australia,VIC,,,"698 Centre Road, Australia",,-37.9210882,145.0573931,,,,,,Optical / optician listing,false,https://www.openstreetmap.org/way/641539883,Community-mapped
osm-au-way-638735468,Ottica,Mapped,Australia,VIC,,,"283 Huntingdale Road, Australia",,-37.9094846,145.1035644,,,,,,Optical / optician listing,false,https://www.openstreetmap.org/way/638735468,Community-mapped
osm-au-way-1235646811,Otway Optical,Mapped,Australia,VIC,,,"143 Murray Street, Australia",+61 3 5231 4075,-38.3394464,143.5861047,https://otwayoptical.com.au,https://otwayoptical.com.au,,,,Optical / optician listing,false,https://www.openstreetmap.org/way/1235646811,Community-mapped
osm-au-node-12747696201,OzScopes,Mapped,Australia,VIC,,,"21 Research Drive, Australia",,-37.8169293,145.2917876,,,,,,Optical / optician listing,false,https://www.openstreetmap.org/node/12747696201,Community-mapped
osm-au-node-6017200175,Preston Eye Care,Mapped,Australia,VIC,,,"354 High Street, Australia",,-37.7394291,145.003918,,,,,,Optical / optician listing,false,https://www.openstreetmap.org/node/6017200175,Community-mapped
osm-au-node-5217624029,Russo,Mapped,Australia,VIC,,,Australia,,-37.9900302,145.2141973,,,,,,Optical / optician listing,false,https://www.openstreetmap.org/node/5217624029,Community-mapped
osm-au-node-584400749,South Melbourne Optical,Mapped,Australia,VIC,,,"344 Clarendon Street, Australia",,-37.8347122,144.9611379,,,,,,Optical / optician listing,false,https://www.openstreetmap.org/node/584400749,Community-mapped
osm-au-node-11404319140,Specs,Mapped,Australia,VIC,,,"282A High Street, Australia",,-37.7718568,144.9986538,https://www.specsoptical.com.au/,https://www.specsoptical.com.au/,,,,Optical / optician listing,false,https://www.openstreetmap.org/node/11404319140,Community-mapped
osm-au-node-6059974385,Spectacle Warehouse,Mapped,Australia,VIC,,,Australia,,-38.1434467,145.1234865,,,,,,Optical / optician listing,false,https://www.openstreetmap.org/node/6059974385,Community-mapped
osm-au-way-151241624,Sturt Optical,Mapped,Australia,VIC,,3350,"731 Sturt Street, 3350, Australia",+61 3 5332 4800,-37.5614073,143.8493036,https://www.sturtoptical.com/,https://www.sturtoptical.com/,,,,Optical / optician listing,false,https://www.openstreetmap.org/way/151241624,Community-mapped
osm-au-node-10222713631,The Spectacle Site,Mapped,Australia,VIC,,,Australia,,-37.9281374,145.2523666,,,,,,Optical / optician listing,false,https://www.openstreetmap.org/node/10222713631,Community-mapped
osm-au-node-13208045227,Thrifty Eyewear,Mapped,Australia,VIC,,,"12 Cunninghame Street, Australia",+61 3 5144 6464,-38.1071774,147.0623558,https://www.thriftyseyewear.com.au/,https://www.thriftyseyewear.com.au/,,,,Optical / optician listing,false,https://www.openstreetmap.org/node/13208045227,Community-mapped
osm-au-way-1424420428,Two Faces,Mapped,Australia,VIC,,3013,"47 Anderson Street, 3013, Australia",,-37.8167485,144.8901772,https://twofaces.com.au/,https://twofaces.com.au/,,,,Optical / optician listing,false,https://www.openstreetmap.org/way/1424420428,Community-mapped
osm-au-node-3597692807,Vainer Optical,Mapped,Australia,VIC,,,Australia,,-37.8686015,144.9914449,,,,,,Optical / optician listing,false,https://www.openstreetmap.org/node/3597692807,Community-mapped
osm-au-node-5980632192,Value Spectacles,Mapped,Australia,VIC,,,"298A Main Road East, Australia",,-37.7443866,144.8022436,,,,,,Optical / optician listing,false,https://www.openstreetmap.org/node/5980632192,Community-mapped
osm-au-node-4636803851,Vision @ Broadway,Mapped,Australia,VIC,,,Australia,,-37.7169426,145.008386,,,,,,Optical / optician listing,false,https://www.openstreetmap.org/node/4636803851,Community-mapped
osm-au-node-2470687143,VisionPro,Mapped,Australia,VIC,,3011,"119 Hopkins Street, 3011, Australia",,-37.8000731,144.9009929,,,,,,Optical / optician listing,false,https://www.openstreetmap.org/node/2470687143,Community-mapped
osm-au-node-6829200458,Wangaratta Eyecare,Mapped,Australia,VIC,,,Australia,,-36.3550124,146.3266895,,,,,,Optical / optician listing,false,https://www.openstreetmap.org/node/6829200458,Community-mapped
osm-au-node-3704488976,Watsonia Optical,Mapped,Australia,VIC,,,"67 Watsonia Road, Australia",+61 3 9432 7264,-37.7098241,145.082598,,,,,,Optical / optician listing,false,https://www.openstreetmap.org/node/3704488976,Community-mapped
osm-au-node-5142353150,Whitehorse Optical Centre,Mapped,Australia,VIC,,,"240 Whitehorse Road, Australia",+61 3 9888 6530,-37.8129906,145.0816034,,,,,,Optical / optician listing,false,https://www.openstreetmap.org/node/5142353150,Community-mapped
osm-au-node-11594502110,Winks Eyecare,Mapped,Australia,VIC,,,"343-347 Pakington Street, Australia",+61 3 5224 2373,-38.1575586,144.3449957,https://winkseyecare.com.au,https://winkseyecare.com.au,https://instagram.com/winkseye,https://facebook.com/winksoptometry,,Optical / optician listing,false,https://www.openstreetmap.org/node/11594502110,Community-mapped
osm-au-node-6033469826,Y Si Nhan Khoa,Mapped,Australia,VIC,,,Australia,,-37.7989451,144.901011,,,,,,Optical / optician listing,false,https://www.openstreetmap.org/node/6033469826,Community-mapped
osm-au-node-6355897815,Yarra Junction Optical,Mapped,Australia,VIC,,,Australia,,-37.782025,145.6130006,,,,,,Optical / optician listing,false,https://www.openstreetmap.org/node/6355897815,Community-mapped
osm-au-node-1633680952,eyes2port Optometrists,Mapped,Australia,VIC,,,"248 Bay Street, Australia",+61 3 9646 9991,-37.838227,144.9429806,https://www.eyes2port.com.au/,https://www.eyes2port.com.au/,,,,Optical / optician listing,false,https://www.openstreetmap.org/node/1633680952,Community-mapped
osm-au-node-8613859112,i-care Optometrists,Mapped,Australia,VIC,,3140,"180 Main Street, 3140, Australia",,-37.75776,145.3493424,https://www.i-care.com.au/,https://www.i-care.com.au/,,,,Optical / optician listing,false,https://www.openstreetmap.org/node/8613859112,Community-mapped
osm-au-node-5195526355,iConVision,Mapped,Australia,VIC,,,Australia,,-37.950626,145.1510645,,,,,,Optical / optician listing,false,https://www.openstreetmap.org/node/5195526355,Community-mapped
osm-au-node-6017200194,iLook Optical,Mapped,Australia,VIC,,,Australia,,-37.7414218,145.0036262,,,,,,Optical / optician listing,false,https://www.openstreetmap.org/node/6017200194,Community-mapped
osm-au-way-266678041,Robinson Family Optometrists,Mapped,Australia,VIC,Belmont,3216,"165 High Street, Belmont, 3216, Australia",,-38.1748863,144.3431418,,,,,,Optical / optician listing,false,https://www.openstreetmap.org/way/266678041,Community-mapped
osm-au-node-7824897822,Cartwright & Associates Optometrists,Mapped,Australia,VIC,Bendigo,3550,"18 Killians Walk, Bendigo, 3550, Australia",,-36.7602219,144.2807409,http://www.cartwrighteyecare.com.au/,http://www.cartwrighteyecare.com.au/,,,,Optical / optician listing,false,https://www.openstreetmap.org/node/7824897822,Community-mapped
osm-au-way-1443622715,Wills Street Eyecare,Mapped,Australia,VIC,Bendigo,3550,"82 Wills Street, Bendigo, 3550, Australia",+61 3 5443 1815,-36.7649806,144.277473,http://www.willsstreeteyecare.com.au/,http://www.willsstreeteyecare.com.au/,,,,Optical / optician listing,false,https://www.openstreetmap.org/way/1443622715,Community-mapped
osm-au-way-631561733,Vision on Koornang,Mapped,Australia,VIC,Carnegie,3163,"54 Koornang Road, Carnegie, 3163, Australia",,-37.8865742,145.0578032,,,,,,Optical / optician listing,false,https://www.openstreetmap.org/way/631561733,Community-mapped
osm-au-node-615137311,Ispex Funky Spex,Mapped,Australia,VIC,Collingwood,3066,"3 Johnston Street, Collingwood, 3066, Australia",,-37.799123,144.984646,,,,,,Optical / optician listing,false,https://www.openstreetmap.org/node/615137311,Community-mapped
osm-au-way-1280774120,Mountain Gate Optometrist,Mapped,Australia,VIC,Ferntree Gully,3156,"1880 Ferntree Gully Road, Ferntree Gully, 3156, Australia",,-37.8842669,145.2742586,,,,,,Optical / optician listing,false,https://www.openstreetmap.org/way/1280774120,Community-mapped
osm-au-node-1121009477,Dresden,Mapped,Australia,VIC,Fitzroy,3065,"77 Smith Street, Fitzroy, 3065, Australia",,-37.8065689,144.9828157,,,,,,Optical / optician listing,false,https://www.openstreetmap.org/node/1121009477,Community-mapped
osm-au-way-172654057,Beach Optical,Mapped,Australia,VIC,Frankston,3199,"229 Beach Street, Frankston, 3199, Australia",+61 3 9789 9667,-38.147599,145.1452405,https://www.beachoptical.com.au/,https://www.beachoptical.com.au/,,,,Optical / optician listing,false,https://www.openstreetmap.org/way/172654057,Community-mapped
osm-au-way-266740105,Bupa Optical,Mapped,Australia,VIC,Geelong West,3218,"149A Pakington Street, Geelong West, 3218, Australia",+61 3 7042 0256,-38.1405242,144.3480828,https://bupaoptical.bupa.com.au,https://bupaoptical.bupa.com.au,,,,Optical / optician listing,false,https://www.openstreetmap.org/way/266740105,Community-mapped
osm-au-node-1072618097,Kensington Eyecare,Mapped,Australia,VIC,Kensington,3031,"494 Macaulay Road, Kensington, 3031, Australia",,-37.7942809,144.9295913,,,,,,Optical / optician listing,false,https://www.openstreetmap.org/node/1072618097,Community-mapped
osm-au-node-5430747734,EyeQ Optometrists,Mapped,Australia,VIC,Lucas,3350,"6 Coltman Plaza, Lucas, 3350, Australia",+61 3 5333 5707,-37.5438477,143.7861229,https://www.eyeq.com.au/optometrists/ballarat/,https://www.eyeq.com.au/optometrists/ballarat/,,https://www.facebook.com/lukefarquhareyeqoptometrists/,,Optical / optician listing,false,https://www.openstreetmap.org/node/5430747734,Community-mapped
osm-au-node-2999573319,Vision at Mill Park,Mapped,Australia,VIC,Mill Park,,"Childs Road, Mill Park, Australia",+61 3 9436 0404,-37.6661173,145.0603287,,,,,,Optical / optician listing,false,https://www.openstreetmap.org/node/2999573319,Community-mapped
osm-au-node-2124843984,Mordialloc Optical,Mapped,Australia,VIC,Mordialloc,3195,"483 Main Street, Mordialloc, 3195, Australia",+61 3 9587 1353,-38.0062529,145.0865382,https://www.mordiallocoptical.com.au/,https://www.mordiallocoptical.com.au/,,,,Optical / optician listing,false,https://www.openstreetmap.org/node/2124843984,Community-mapped
osm-au-node-4740799236,Andrew Harris Optometrist,Mapped,Australia,VIC,North Melbourne,3051,"56 Errol Street, North Melbourne, 3051, Australia",+61 3 9329 9372,-37.8038008,144.9497176,,,,,,Optical / optician listing,false,https://www.openstreetmap.org/node/4740799236,Community-mapped
osm-au-way-542912832,Prime Vision Care,Mapped,Australia,VIC,Oakleigh,3166,"33 Portman Street, Oakleigh, 3166, Australia",,-37.9000377,145.0905727,,,,,,Optical / optician listing,false,https://www.openstreetmap.org/way/542912832,Community-mapped
osm-au-node-1789722881,Warrigal Road Eyecare Clinic,Mapped,Australia,VIC,Oakleigh,3166,"84 Warrigal Road, Oakleigh, 3166, Australia",+61 3 9569 7299,-37.9028014,145.0865767,,,,,,Optical / optician listing,false,https://www.openstreetmap.org/node/1789722881,Community-mapped
osm-au-node-616584782,Alfred Nott Optometrists,Mapped,Australia,VIC,Port Melbourne,3207,"239 Bay Street, Port Melbourne, 3207, Australia",+61 3 9645 1991,-37.8380147,144.9426149,,,,,,Optical / optician listing,false,https://www.openstreetmap.org/node/616584782,Community-mapped
osm-au-node-5674121273,Spectacles Galore,Mapped,Australia,VIC,Preston,3072,"453 High Street, Preston, 3072, Australia",+61 3 9470 5212,-37.7387111,145.00374,,,,,,Optical / optician listing,false,https://www.openstreetmap.org/node/5674121273,Community-mapped
osm-au-way-1006690639,Ringwood Eye Specialists,Mapped,Australia,VIC,Ringwood,3134,"18 Warrandyte Road, Ringwood, 3134, Australia",,-37.8123588,145.2311135,https://www.ringwoodeyespecialists.com.au/,https://www.ringwoodeyespecialists.com.au/,,,,Optical / optician listing,false,https://www.openstreetmap.org/way/1006690639,Community-mapped
osm-au-way-1499394103,Ringwood Optical,Mapped,Australia,VIC,Ringwood,3134,"86 Maroondah Highway, Ringwood, 3134, Australia",+61 3 9879 1949,-37.8169554,145.2243621,http://ringwoodoptical.com.au/,http://ringwoodoptical.com.au/,,,,Optical / optician listing,false,https://www.openstreetmap.org/way/1499394103,Community-mapped
osm-au-node-13731460457,Vic Eye and Retina Specialists,Mapped,Australia,VIC,Ringwood,3134,"92 Maroondah Highway, Ringwood, 3134, Australia",+61 3 9100 1928,-37.8166768,145.2254972,https://viceye.au/,https://viceye.au/,,,,Optical / optician listing,false,https://www.openstreetmap.org/node/13731460457,Community-mapped
osm-au-node-2262243662,Bellocchio Eyewear,Mapped,Australia,VIC,South Melbourne,3205,"242 Clarendon Street, South Melbourne, 3205, Australia",+61 3 9690 8844,-37.832114,144.959925,https://www.bellocchio.com.au/,https://www.bellocchio.com.au/,,,,Optical / optician listing,false,https://www.openstreetmap.org/node/2262243662,Community-mapped
osm-au-way-634192128,1st Choice Vision,Mapped,Australia,VIC,St Albans,3021,"21 Alfrieda Street, St Albans, 3021, Australia",,-37.7433334,144.8003675,,,,,,Optical / optician listing,false,https://www.openstreetmap.org/way/634192128,Community-mapped
osm-au-way-634766999,Vision Pro,Mapped,Australia,VIC,St Albans,3021,"288 Main Road East, St Albans, 3021, Australia",,-37.7443452,144.8026314,,,,,,Optical / optician listing,false,https://www.openstreetmap.org/way/634766999,Community-mapped
osm-au-way-230865348,Optic 2000,Mapped,Australia,VIC,Sunshine,3020,"7 Dickson Street, Sunshine, 3020, Australia",,-37.7865211,144.8323882,,,,,,Optical / optician listing,false,https://www.openstreetmap.org/way/230865348,Community-mapped
osm-au-way-612405905,Collin & Kirk,Mapped,Australia,VIC,Thornbury,3071,"774 High Street, Thornbury, 3071, Australia",+61 3 9484 1127,-37.7546497,145.0014822,https://collinandkirk.com.au/,https://collinandkirk.com.au/,,,,Optical / optician listing,false,https://www.openstreetmap.org/way/612405905,Community-mapped
osm-au-node-11840846378,August Eyewear & Eyecare Specialists,Mapped,Australia,WA,,,"66 King Street, Australia",,-31.9513367,115.8556518,,,,,,Optical / optician listing,false,https://www.openstreetmap.org/node/11840846378,Community-mapped
osm-au-node-12522399957,B N Optometry,Mapped,Australia,WA,,,Australia,,-32.0549468,115.7464861,,,,,,Optical / optician listing,false,https://www.openstreetmap.org/node/12522399957,Community-mapped
osm-au-node-11391637426,Eye Junction,Mapped,Australia,WA,,,Australia,,-31.8765326,115.77942,,,,,,Optical / optician listing,false,https://www.openstreetmap.org/node/11391637426,Community-mapped
osm-au-node-11932057273,Friendlies Eyecare,Mapped,Australia,WA,,,Australia,,-31.9825808,115.7814213,,,,,,Optical / optician listing,false,https://www.openstreetmap.org/node/11932057273,Community-mapped
osm-au-node-4569988319,Insight Eye Clinic,Mapped,Australia,WA,,,Australia,,-31.8637517,115.8282582,,,,,,Optical / optician listing,false,https://www.openstreetmap.org/node/4569988319,Community-mapped
osm-au-node-11397913897,Laubman & Pank,Mapped,Australia,WA,,,Australia,,-31.8764606,115.7780425,,,,,,Optical / optician listing,false,https://www.openstreetmap.org/node/11397913897,Community-mapped
osm-au-node-6976079758,Laubman & Pank,Mapped,Australia,WA,,,Australia,,-35.0186287,117.8817377,,,,,,Optical / optician listing,false,https://www.openstreetmap.org/node/6976079758,Community-mapped
osm-au-node-12841444736,Looks Optique,Mapped,Australia,WA,,,"7 Forrest Walk, Australia",,-31.9478639,115.8234396,,,,,,Optical / optician listing,false,https://www.openstreetmap.org/node/12841444736,Community-mapped
osm-au-node-10107385752,Naked Specs,Mapped,Australia,WA,,,"322 South Terrace, Australia",,-32.0682934,115.7527303,,,,,,Optical / optician listing,false,https://www.openstreetmap.org/node/10107385752,Community-mapped
osm-au-node-9722108317,Sigo+,Mapped,Australia,WA,,,Australia,,-32.0579182,115.8800717,,,,,,Optical / optician listing,false,https://www.openstreetmap.org/node/9722108317,Community-mapped
osm-au-node-12818357495,SpecialEyes Optical,Mapped,Australia,WA,,,Australia,,-31.95358,115.85462,,,,,,Optical / optician listing,false,https://www.openstreetmap.org/node/12818357495,Community-mapped
osm-au-node-9778461017,Specs Plus,Mapped,Australia,WA,,,Australia,,-31.9840669,115.9029251,,,,,,Optical / optician listing,false,https://www.openstreetmap.org/node/9778461017,Community-mapped
osm-au-node-9928510956,Specs Plus,Mapped,Australia,WA,,,"154 Rokeby Road, Australia",,-31.9493729,115.8241028,,,,,,Optical / optician listing,false,https://www.openstreetmap.org/node/9928510956,Community-mapped
osm-au-node-4197216402,SpexDesign,Mapped,Australia,WA,,,Australia,,-31.931912,115.8594708,,,,,,Optical / optician listing,false,https://www.openstreetmap.org/node/4197216402,Community-mapped
osm-au-node-11397913900,Vision West,Mapped,Australia,WA,,,Australia,,-31.8763318,115.778465,,,,,,Optical / optician listing,false,https://www.openstreetmap.org/node/11397913900,Community-mapped
osm-au-node-6934750148,midwest optical,Mapped,Australia,WA,,,Australia,,-28.7746334,114.6076279,,,,,,Optical / optician listing,false,https://www.openstreetmap.org/node/6934750148,Community-mapped
osm-au-node-7069706341,Specialeyes,Mapped,Australia,WA,Applecross,6153,"31 Ardross Street, Applecross, 6153, Australia",,-32.0097278,115.8341676,,,,,,Optical / optician listing,false,https://www.openstreetmap.org/node/7069706341,Community-mapped
osm-au-node-2393656997,Applecross Eye Clinic,Mapped,Australia,WA,Ardross,6153,"61 Simpson Street, Ardross, 6153, Australia",,-32.0212881,115.8363228,,,,,,Optical / optician listing,false,https://www.openstreetmap.org/node/2393656997,Community-mapped
osm-au-node-11396192032,Options Optometrist Karrinyup,Mapped,Australia,WA,Karrinyup,6018,"SP0274A Karrinyup Road, Karrinyup, 6018, Australia",,-31.8770744,115.777965,,,,,,Optical / optician listing,false,https://www.openstreetmap.org/node/11396192032,Community-mapped
osm-au-node-4061035335,Birte Venske Optometrist,Mapped,Australia,WA,Manjimup,6258,"32 Rose Street, Manjimup, 6258, Australia",+61 8 9777 1886,-34.2417991,116.1449696,,,,,,Optical / optician listing,false,https://www.openstreetmap.org/node/4061035335,Community-mapped
osm-au-node-11730741731,Monocle Optometry,Mapped,Australia,WA,North Fremantle,6159,"210 Queen Victoria Street, North Fremantle, 6159, Australia",,-32.0366015,115.7542115,https://www.monocleoptometry.com.au/,https://www.monocleoptometry.com.au/,,,,Optical / optician listing,false,https://www.openstreetmap.org/node/11730741731,Community-mapped
osm-au-node-12743733613,Options Optometrists Warnbro,Mapped,Australia,WA,Warnbro,6169,"206 Warnbro Sound Avenue, Warnbro, 6169, Australia",,-32.3466985,115.762716,https://optionsoptometrists.com.au/locations/warnbro/,https://optionsoptometrists.com.au/locations/warnbro/,,,,Optical / optician listing,false,https://www.openstreetmap.org/node/12743733613,Community-mapped
osm-ne-node-7009136867,Campbell And Campbell,Mapped,New Zealand,Auckland,,,New Zealand,+64 9 846 0775,-36.8701487,174.7108781,https://campbelloptom.co.nz,https://campbelloptom.co.nz,,,,Optical / optician listing,false,https://www.openstreetmap.org/node/7009136867,Community-mapped
osm-ne-node-6923678892,Cassidy Eyecare,Mapped,New Zealand,Auckland,,,New Zealand,,-36.8436794,174.6519488,,,,,,Optical / optician listing,false,https://www.openstreetmap.org/node/6923678892,Community-mapped
osm-ne-node-6169401087,Crenshaw Opticians and Optometrists,Mapped,New Zealand,Auckland,,,New Zealand,,-36.7892987,174.7730497,,,,,,Optical / optician listing,false,https://www.openstreetmap.org/node/6169401087,Community-mapped
osm-ne-way-879150414,Eye Style,Mapped,New Zealand,Auckland,,,New Zealand,,-36.7717019,174.7655976,,,,,,Optical / optician listing,false,https://www.openstreetmap.org/way/879150414,Community-mapped
osm-ne-node-10892579810,Island Eyes,Mapped,New Zealand,Auckland,,,New Zealand,,-36.782887,175.0097977,,,,,,Optical / optician listing,false,https://www.openstreetmap.org/node/10892579810,Community-mapped
osm-ne-node-13822996704,Matthews Eyecare,Mapped,New Zealand,Auckland,,,"1 Jervois Road, New Zealand",,-36.8470839,174.7441506,,,,,,Optical / optician listing,false,https://www.openstreetmap.org/node/13822996704,Community-mapped
osm-ne-node-6162557005,Milford Optometrists,Mapped,New Zealand,Auckland,,,New Zealand,,-36.7722534,174.7639767,,,,,,Optical / optician listing,false,https://www.openstreetmap.org/node/6162557005,Community-mapped
osm-ne-node-13805150403,Mortimer Hirst,Mapped,New Zealand,Auckland,,,"46 Hurstmere Road, New Zealand",,-36.7874709,174.7725737,http://MortimerHirst.co.nz,http://MortimerHirst.co.nz,,,,Optical / optician listing,false,https://www.openstreetmap.org/node/13805150403,Community-mapped
osm-ne-node-14086659006,Mortimer Hirst - eyecare & eyewear,Mapped,New Zealand,Auckland,,,"Tāmaki Drive, New Zealand",,-36.8505378,174.857297,,,,,,Optical / optician listing,false,https://www.openstreetmap.org/node/14086659006,Community-mapped
osm-ne-node-5466762097,Nath Optometrists,Mapped,New Zealand,Auckland,,1011,"303 Ponsonby Road, 1011, New Zealand",+64 9 948 8775,-36.8478075,174.7442485,http://nathsoptometrists.co.nz,http://nathsoptometrists.co.nz,,,,Optical / optician listing,false,https://www.openstreetmap.org/node/5466762097,Community-mapped
osm-ne-node-11204116311,Optics1,Mapped,New Zealand,Auckland,,,New Zealand,,-36.8474043,174.7667549,,,,,,Optical / optician listing,false,https://www.openstreetmap.org/node/11204116311,Community-mapped
osm-ne-way-911692375,Sunnies,Mapped,New Zealand,Auckland,,,New Zealand,,-36.9214536,174.7867834,,,,,,Optical / optician listing,false,https://www.openstreetmap.org/way/911692375,Community-mapped
osm-ne-node-4396978791,The Eye Place,Mapped,New Zealand,Auckland,,,New Zealand,+64 9 426 0084,-36.5855139,174.6937367,,,,,,Optical / optician listing,false,https://www.openstreetmap.org/node/4396978791,Community-mapped
osm-ne-node-12594285407,The Eyecare Practice,Mapped,New Zealand,Auckland,,,"2A/100 Queens Road, New Zealand",+64 9 273 1296,-36.899664,174.8549463,,,,,,Optical / optician listing,false,https://www.openstreetmap.org/node/12594285407,Community-mapped
osm-ne-node-10086117777,Vision Centre,Mapped,New Zealand,Auckland,,,New Zealand,,-36.9079981,174.6843761,,,,,,Optical / optician listing,false,https://www.openstreetmap.org/node/10086117777,Community-mapped
osm-ne-node-2660761055,Visionx,Mapped,New Zealand,Auckland,,,New Zealand,,-36.8560113,174.7805967,,,,,,Optical / optician listing,false,https://www.openstreetmap.org/node/2660761055,Community-mapped
osm-ne-way-262147882,Visique,Mapped,New Zealand,Auckland,,,"250 Onehunga Mall, New Zealand",,-36.9208735,174.7848905,,,,,,Optical / optician listing,false,https://www.openstreetmap.org/way/262147882,Community-mapped
osm-ne-node-5913292096,Highbury Optometrists,Mapped,New Zealand,Auckland,Auckland,0626,"52 Mokoia Road, Auckland, 0626, New Zealand",+64 9 418 1347,-36.812127,174.7244591,https://www.highburyeye.co.nz/,https://www.highburyeye.co.nz/,,,,Optical / optician listing,false,https://www.openstreetmap.org/node/5913292096,Community-mapped
osm-ne-node-5551688223,Fischer fischer,Mapped,New Zealand,Bay of Plenty,,,New Zealand,,-37.638037,176.1824425,,,,,,Optical / optician listing,false,https://www.openstreetmap.org/node/5551688223,Community-mapped
osm-ne-node-4757538924,FOATE Optometry,Mapped,New Zealand,Canterbury,,,New Zealand,,-43.5574386,172.7036358,,,,,,Optical / optician listing,false,https://www.openstreetmap.org/node/4757538924,Community-mapped
osm-ne-way-101162360,Groovy Glasses Ltd,Mapped,New Zealand,Canterbury,Christchurch Central,8011,"15 New Regent Street, Christchurch Central, 8011, New Zealand",,-43.5294059,172.6385792,,,,,,Optical / optician listing,false,https://www.openstreetmap.org/way/101162360,Community-mapped
osm-ne-node-4523027569,Spec Savers,Mapped,New Zealand,Gisborne,,,New Zealand,,-38.6656132,178.0251638,,,,,,Optical / optician listing,false,https://www.openstreetmap.org/node/4523027569,Community-mapped
osm-ne-node-12611705756,Sternsen Kain,Mapped,New Zealand,Gisborne,,,New Zealand,,-38.6644351,178.0235598,,,,,,Optical / optician listing,false,https://www.openstreetmap.org/node/12611705756,Community-mapped
osm-ne-way-372801612,Frederick Swain Optometrists,Mapped,New Zealand,Hawke's Bay,,,"52 Hastings Street, New Zealand",,-39.4892964,176.9183145,https://frederickswain.co.nz/,https://frederickswain.co.nz/,,,,Optical / optician listing,false,https://www.openstreetmap.org/way/372801612,Community-mapped
osm-ne-node-4327600580,Spex Eyewear,Mapped,New Zealand,Hawke's Bay,,,"5/44 Emerson Street, New Zealand",,-39.4900288,176.9180362,https://spexeyewear.co.nz/,https://spexeyewear.co.nz/,,,,Optical / optician listing,false,https://www.openstreetmap.org/node/4327600580,Community-mapped
osm-ne-way-221688843,Bennett and Pearson,Mapped,New Zealand,Hawke's Bay,Napier South,,"7 Carlyle Street, Napier South, New Zealand",,-39.4915029,176.912163,,,,,,Optical / optician listing,false,https://www.openstreetmap.org/way/221688843,Community-mapped
osm-ne-way-430131331,Herb Maynard Optometrist,Mapped,New Zealand,Hawke's Bay,Napier South,4110,"104 Tennyson Street, Napier South, 4110, New Zealand",,-39.4904323,176.9153826,http://www.hmo.co.nz/,http://www.hmo.co.nz/,,,,Optical / optician listing,false,https://www.openstreetmap.org/way/430131331,Community-mapped
osm-ne-way-455198732,Pearson & Hooker Optometrists,Mapped,New Zealand,Hawke's Bay,Taradale,4112,"306 Gloucester Street, Taradale, 4112, New Zealand",,-39.536865,176.8483681,,,,,,Optical / optician listing,false,https://www.openstreetmap.org/way/455198732,Community-mapped
osm-ne-way-455192520,Visique Taradale Optometrists,Mapped,New Zealand,Hawke's Bay,Taradale,4112,"299 Gloucester Street, Taradale, 4112, New Zealand",,-39.5365062,176.8479174,http://www.visique.co.nz/,http://www.visique.co.nz/,,,,Optical / optician listing,false,https://www.openstreetmap.org/way/455192520,Community-mapped
osm-ne-node-13475253028,Eyes on Broadway,Mapped,New Zealand,Manawatu-Whanganui,,,New Zealand,+64 6 357 9782,-40.3501669,175.6210561,https://www.eyesonbroadway.co.nz/,https://www.eyesonbroadway.co.nz/,,,,Optical / optician listing,false,https://www.openstreetmap.org/node/13475253028,Community-mapped
osm-ne-node-13312432427,Visique,Mapped,New Zealand,Manawatu-Whanganui,,,New Zealand,,-40.452169,175.8411927,,,,,,Optical / optician listing,false,https://www.openstreetmap.org/node/13312432427,Community-mapped
osm-ne-node-5546969987,Visique Eye Spy Optometrists,Mapped,New Zealand,Manawatu-Whanganui,Palmerston North,4410,"24 Broadway Avenue, Palmerston North, 4410, New Zealand",+64 6 354 6666,-40.3544977,175.6122801,https://www.eyespy-pn.co.nz/,https://www.eyespy-pn.co.nz/,,,,Optical / optician listing,false,https://www.openstreetmap.org/node/5546969987,Community-mapped
osm-ne-node-5510196686,Eyes On Victoria,Mapped,New Zealand,Manawatu-Whanganui,Whanganui,4500,"97A Victoria Avenue, Whanganui, 4500, New Zealand",+64 6 347 6072,-39.9329508,175.051865,https://eyesonvictoria.co.nz/,https://eyesonvictoria.co.nz/,,,,Optical / optician listing,false,https://www.openstreetmap.org/node/5510196686,Community-mapped
osm-ne-node-11440212557,Matthews,Mapped,New Zealand,Nelson,,,New Zealand,,-41.2739613,173.2860222,,,,,,Optical / optician listing,false,https://www.openstreetmap.org/node/11440212557,Community-mapped
osm-ne-node-12660968717,Matthews Sports Vision,Mapped,New Zealand,Nelson,,,New Zealand,,-41.2744433,173.2846629,,,,,,Optical / optician listing,false,https://www.openstreetmap.org/node/12660968717,Community-mapped
osm-ne-node-2306079328,Kuske,Mapped,New Zealand,Nelson,Nelson,7010,"258 Hardy Street, Nelson, 7010, New Zealand",+64 3 545 8693,-41.2744749,173.2858799,https://kuske.co.nz,https://kuske.co.nz,,,,Optical / optician listing,false,https://www.openstreetmap.org/node/2306079328,Community-mapped
osm-ne-node-12381329536,The Optical Shop,Mapped,New Zealand,Northland,,,New Zealand,,-35.2055164,173.9166571,,,,,,Optical / optician listing,false,https://www.openstreetmap.org/node/12381329536,Community-mapped
osm-ne-node-12577152601,The Optical Shop,Mapped,New Zealand,Northland,,,New Zealand,,-35.7260628,174.3216956,,,,,,Optical / optician listing,false,https://www.openstreetmap.org/node/12577152601,Community-mapped
osm-ne-node-4777975526,Central otago optics,Mapped,New Zealand,Otago,,,New Zealand,,-45.0372024,169.1966087,,,,,,Optical / optician listing,false,https://www.openstreetmap.org/node/4777975526,Community-mapped
osm-ne-node-10864300613,Ocula,Mapped,New Zealand,Otago,,,New Zealand,,-44.6962824,169.1359722,,,,,,Optical / optician listing,false,https://www.openstreetmap.org/node/10864300613,Community-mapped
osm-ne-node-14071539647,Peter Dick Optometrists,Mapped,New Zealand,Otago,,,New Zealand,,-45.8754059,170.5022018,,,,,,Optical / optician listing,false,https://www.openstreetmap.org/node/14071539647,Community-mapped
osm-ne-node-5248095657,Martin+Lobb,Mapped,New Zealand,Southland,Invercargil,,"68 Don Street, Invercargil, New Zealand",,-46.410606,168.3518932,,,,,,Optical / optician listing,false,https://www.openstreetmap.org/node/5248095657,Community-mapped
osm-ne-node-5625853837,Southland Eye Specialists,Mapped,New Zealand,Southland,Windsor,,"56 Windsor Street, Windsor, New Zealand",,-46.395394,168.3654342,,,,,,Optical / optician listing,false,https://www.openstreetmap.org/node/5625853837,Community-mapped
osm-ne-node-4584902658,Taranaki Eye Centre,Mapped,New Zealand,Taranaki,,,New Zealand,,-39.0574932,174.0652227,,,,,,Optical / optician listing,false,https://www.openstreetmap.org/node/4584902658,Community-mapped
osm-ne-node-4584902719,Vivian Optometrists,Mapped,New Zealand,Taranaki,,,New Zealand,,-39.0610255,174.0709083,,,,,,Optical / optician listing,false,https://www.openstreetmap.org/node/4584902719,Community-mapped
osm-ne-node-6914314185,Harrington Eyecare,Mapped,New Zealand,Tasman,,,"205 Queen Street, New Zealand",,-41.3404124,173.1857441,,,,,,Optical / optician listing,false,https://www.openstreetmap.org/node/6914314185,Community-mapped
osm-ne-node-1661647029,Flagstaff Eye Care,Mapped,New Zealand,Waikato,,,New Zealand,,-37.7379241,175.2539866,,,,,,Optical / optician listing,false,https://www.openstreetmap.org/node/1661647029,Community-mapped
osm-ne-node-13334828574,King Country Optometrists,Mapped,New Zealand,Waikato,,,New Zealand,,-38.3333616,175.1641389,,,,,,Optical / optician listing,false,https://www.openstreetmap.org/node/13334828574,Community-mapped
osm-ne-node-13441761685,Matthews Eyecare,Mapped,New Zealand,Waikato,,,"33b Duke Street, New Zealand",,-37.8950703,175.4693071,,,,,,Optical / optician listing,false,https://www.openstreetmap.org/node/13441761685,Community-mapped
osm-ne-node-2879410946,Paterson Burn,Mapped,New Zealand,Waikato,,,New Zealand,,-37.7512075,175.2782655,,,,,,Optical / optician listing,false,https://www.openstreetmap.org/node/2879410946,Community-mapped
osm-ne-node-2875412806,Visique Rototuna Optometrists,Mapped,New Zealand,Waikato,,,New Zealand,,-37.7293656,175.274673,,,,,,Optical / optician listing,false,https://www.openstreetmap.org/node/2875412806,Community-mapped
osm-ne-way-290610593,Visique,Mapped,New Zealand,Waikato,Frankton,3204,"38 Lake Road, Frankton, 3204, New Zealand",,-37.7864621,175.2651021,,,,,,Optical / optician listing,false,https://www.openstreetmap.org/way/290610593,Community-mapped
osm-ne-node-2520708371,Gates Optometrists,Mapped,New Zealand,Waikato,Hamilton,,"302 Barton Street, Hamilton, New Zealand",,-37.7848075,175.2791904,http://gates.net.nz/,http://gates.net.nz/,,,,Optical / optician listing,false,https://www.openstreetmap.org/node/2520708371,Community-mapped
osm-ne-way-292671237,Bell Neuhauser & Matthews,Mapped,New Zealand,Waikato,Hamilton Central,,"456 Anglesea Street, Hamilton Central, New Zealand",,-37.7837183,175.2767211,https://www.matthews.co.nz/bnm/,https://www.matthews.co.nz/bnm/,,,,Optical / optician listing,false,https://www.openstreetmap.org/way/292671237,Community-mapped
osm-ne-node-2374693867,OSPM,Mapped,New Zealand,Waikato,Hamilton Central,,"125 Ward Street, Hamilton Central, New Zealand",,-37.7877062,175.278861,,,,,,Optical / optician listing,false,https://www.openstreetmap.org/node/2374693867,Community-mapped
osm-ne-way-233487397,Paterson Burn,Mapped,New Zealand,Waikato,Hamilton Central,,"387 Anglesea Street, Hamilton Central, New Zealand",,-37.7855144,175.2775034,,,,,,Optical / optician listing,false,https://www.openstreetmap.org/way/233487397,Community-mapped
osm-ne-node-2421501216,Total Vision,Mapped,New Zealand,Waikato,Hamilton East,3216,"443 Grey Street, Hamilton East, 3216, New Zealand",,-37.791837,175.2925958,,,,,,Optical / optician listing,false,https://www.openstreetmap.org/node/2421501216,Community-mapped
osm-ne-node-2245512927,Sangster & Matthews,Mapped,New Zealand,Wellington,,,New Zealand,,-41.2809243,174.7749672,https://matthews.co.nz/branches/wellington/,https://matthews.co.nz/branches/wellington/,,,,Optical / optician listing,false,https://www.openstreetmap.org/node/2245512927,Community-mapped
osm-ne-node-6001914682,Sercombe and Matheson,Mapped,New Zealand,Wellington,,,New Zealand,,-41.2798487,174.7756273,https://www.opticians.co.nz/,https://www.opticians.co.nz/,,,,Optical / optician listing,false,https://www.openstreetmap.org/node/6001914682,Community-mapped
osm-ne-node-7290149264,Sercombe and Matheson Opticians,Mapped,New Zealand,Wellington,,,New Zealand,,-41.2814627,174.7777987,https://www.opticians.co.nz/,https://www.opticians.co.nz/,,,,Optical / optician listing,false,https://www.openstreetmap.org/node/7290149264,Community-mapped
osm-ne-node-6064972602,Visique CapitalEyes,Mapped,New Zealand,Wellington,,,New Zealand,,-41.2846481,174.7373587,https://www.capitaleyes.co.nz/,https://www.capitaleyes.co.nz/,,,,Optical / optician listing,false,https://www.openstreetmap.org/node/6064972602,Community-mapped
osm-ne-node-5903627913,Woodward Optical,Mapped,New Zealand,Wellington,,,New Zealand,,-41.2821186,174.7756074,https://woodwardoptical.co.nz/,https://woodwardoptical.co.nz/,,,,Optical / optician listing,false,https://www.openstreetmap.org/node/5903627913,Community-mapped
osm-ne-node-2582063378,clear vision,Mapped,New Zealand,Wellington,,,New Zealand,,-41.3116742,174.7789617,,,,,,Optical / optician listing,false,https://www.openstreetmap.org/node/2582063378,Community-mapped
osm-ne-node-3879084550,Stuart Henderson Optometrist,Mapped,New Zealand,Wellington,Masterton,5810,"190 Queen Street, Masterton, 5810, New Zealand",,-40.9507386,175.6599322,,,,,,Optical / optician listing,false,https://www.openstreetmap.org/node/3879084550,Community-mapped
osm-ne-way-336009843,WaikanEye,Mapped,New Zealand,Wellington,Waikanae,5036,"488 Te Moana Road, Waikanae, 5036, New Zealand",,-40.8789212,175.0633643,,,,,,Optical / optician listing,false,https://www.openstreetmap.org/way/336009843,Community-mapped
