priority,place_id,name,country,state,locality,research_status,centre_class,bailey_store_count,mapped_named_brands,mapped_optical_stores,official_url,reason
P2,place-au-sa-ingle-farm-plaza,Ingle Farm Plaza,Australia,SA,Ingle Farm,Not researched,Unknown,0,3,3,https://inglefarmplaza.com.au/,Multiple named optical networks make this a high-value leasing and competition research target
P2,place-au-qld-bribie-island-shopping-centre,Bribie Island Shopping Centre,Australia,QLD,Bongaree,Not researched,Unknown,0,2,2,,Multiple named optical networks make this a high-value leasing and competition research target
P2,place-au-qld-optometrists-inala-plaza,Inala Plaza,Australia,QLD,Inala,Not researched,Unknown,0,2,2,https://inalaplaza.com.au/,Multiple named optical networks make this a high-value leasing and competition research target
P2,place-au-sa-colonnades-shopping-centre,Colonnades Shopping Centre,Australia,SA,Colonnades,Not researched,Unknown,0,2,2,,Multiple named optical networks make this a high-value leasing and competition research target
P2,place-au-sa-hollywood-plaza,Hollywood Plaza,Australia,SA,Salisbury Downs,Not researched,Unknown,0,2,2,,Multiple named optical networks make this a high-value leasing and competition research target
P2,place-au-sa-southgate-plaza,Southgate Plaza,Australia,SA,Morphett Vale,Not researched,Unknown,0,2,2,,Multiple named optical networks make this a high-value leasing and competition research target
P2,place-au-vic-blackburn-square,Blackburn Square,Australia,VIC,Blackburn North,Not researched,Unknown,0,2,2,https://www.northblackburnsc.com.au/,Multiple named optical networks make this a high-value leasing and competition research target
P2,place-au-vic-craigieburn-central,Craigieburn Central,Australia,VIC,Craigieburn,Not researched,Unknown,0,2,2,https://www.oscarwylee.com.au/locations/locations/optometrist-craigieburn.html,Multiple named optical networks make this a high-value leasing and competition research target
P2,place-au-vic-emporium-shopping-centre,Emporium Shopping Centre,Australia,VIC,Melbourne,Partial,Unknown,0,2,2,https://1001-optical.myshopify.com/pages/optometrist-in-melbourne,Multiple named optical networks make this a high-value leasing and competition research target
P2,place-au-vic-mornington-central,Mornington Central,Australia,VIC,Mornington,Not researched,Unknown,0,2,2,https://www.oscarwylee.com.au/locations/locations/optometrist-mornington.html,Multiple named optical networks make this a high-value leasing and competition research target
P2,place-au-wa-phoenix-shopping-centre,Phoenix Shopping Centre,Australia,WA,Spearwood,Not researched,Unknown,0,2,2,https://www.specsavers.com.au/stores/spearwood,Multiple named optical networks make this a high-value leasing and competition research target
P2,place-nz-tasman-richmond-mall,Richmond Mall,New Zealand,Tasman,Richmond,Not researched,Unknown,0,2,2,,Multiple named optical networks make this a high-value leasing and competition research target
P3,place-au-nsw-the-galeries,The Galeries,Australia,NSW,Sydney,Not researched,Unknown,0,1,4,https://www.oscarwylee.com.au/locations/locations/optometrist-sydney-galeries.html,Mapped named-network tenancy or official venue source provides a practical research starting point
P3,place-au-vic-centre-road,Centre Road,Australia,VIC,,Not researched,Unknown,0,1,3,,Mapped named-network tenancy or official venue source provides a practical research starting point
P3,place-au-vic-gladstone-park-shopping-centre,Gladstone Park Shopping Centre,Australia,VIC,Gladstone Park,Not researched,Unknown,0,1,2,,Mapped named-network tenancy or official venue source provides a practical research starting point
P3,place-au-vic-sunbury-square-shopping-centre,Sunbury Square Shopping Centre,Australia,VIC,Sunbury,Not researched,Unknown,0,1,2,,Mapped named-network tenancy or official venue source provides a practical research starting point
P3,place-au-wa-forest-lakes-forum,Forest Lakes Forum,Australia,WA,Thornlie,Not researched,Unknown,0,1,2,,Mapped named-network tenancy or official venue source provides a practical research starting point
P3,place-nz-auckland-onehunga-mall,Onehunga Mall,New Zealand,Auckland,,Not researched,Unknown,0,1,2,,Mapped named-network tenancy or official venue source provides a practical research starting point
P3,place-au-unknown-mount-sheridan-plaza,Mount Sheridan Plaza,Australia,,,Not researched,Unknown,0,1,1,https://mtsheridanplaza.com.au,Mapped named-network tenancy or official venue source provides a practical research starting point
P3,place-au-unknown-port-central-shopping-centre,Port Central Shopping Centre,Australia,,,Not researched,Unknown,0,1,1,https://www.portcentralshopping.com.au/,Mapped named-network tenancy or official venue source provides a practical research starting point
P3,place-au-act-tuggeranong-square,Tuggeranong Square,Australia,ACT,Tuggeranong,Not researched,Unknown,0,1,1,,Mapped named-network tenancy or official venue source provides a practical research starting point
P3,place-au-nsw-belmont-citi-centre,Belmont Citi Centre,Australia,NSW,Belmont,Not researched,Unknown,0,1,1,,Mapped named-network tenancy or official venue source provides a practical research starting point
P3,place-au-nsw-cherrybrook-village-shopping-centre,Cherrybrook Village Shopping Centre,Australia,NSW,Cherrybrook,Not researched,Unknown,0,1,1,https://www.cherrybrookvillage.com.au,Mapped named-network tenancy or official venue source provides a practical research starting point
P3,place-au-nsw-coffs-harbour-city-centre,Coffs Harbour City Centre,Australia,NSW,Coffs Harbour,Not researched,Unknown,0,1,1,,Mapped named-network tenancy or official venue source provides a practical research starting point
P3,place-au-nsw-corrimal-shopping-centre,Corrimal Shopping Centre,Australia,NSW,Corrimal,Not researched,Unknown,0,1,1,http://lederer1.compcodigital.net/,Mapped named-network tenancy or official venue source provides a practical research starting point
P3,place-au-nsw-dural-mall,Dural Mall,Australia,NSW,Dural,Not researched,Unknown,0,1,1,,Mapped named-network tenancy or official venue source provides a practical research starting point
P3,place-au-nsw-eastpoint-centre,Eastpoint Centre,Australia,NSW,Edgecliff,Not researched,Unknown,0,1,1,,Mapped named-network tenancy or official venue source provides a practical research starting point
P3,place-au-nsw-edgeworth-town-square,Edgeworth Town Square,Australia,NSW,Edgeworth,Not researched,Unknown,0,1,1,,Mapped named-network tenancy or official venue source provides a practical research starting point
P3,place-au-nsw-imperial-shopping-centre,Imperial Shopping Centre,Australia,NSW,Gosford,Not researched,Unknown,0,1,1,,Mapped named-network tenancy or official venue source provides a practical research starting point
P3,place-au-nsw-junction-st,Junction St,Australia,NSW,Nowra,Not researched,Unknown,0,1,1,,Mapped named-network tenancy or official venue source provides a practical research starting point
P3,place-au-nsw-kareela-village,Kareela Village,Australia,NSW,Kareela,Not researched,Unknown,0,1,1,,Mapped named-network tenancy or official venue source provides a practical research starting point
P3,place-au-nsw-kings-langley-shopping-centre,Kings Langley Shopping Centre,Australia,NSW,Kings Langley,Not researched,Unknown,0,1,1,https://www.kingslangleyshoppingcentre.com.au/,Mapped named-network tenancy or official venue source provides a practical research starting point
P3,place-au-nsw-lake-munmorah-shopping-centre,Lake Munmorah Shopping Centre,Australia,NSW,Lake Munmorah,Not researched,Unknown,0,1,1,,Mapped named-network tenancy or official venue source provides a practical research starting point
P3,place-au-nsw-maroubra-junction,Maroubra Junction,Australia,NSW,Maroubra Junction,Not researched,Unknown,0,1,1,,Mapped named-network tenancy or official venue source provides a practical research starting point
P3,place-au-nsw-moss-vale-arcade,Moss Vale Arcade,Australia,NSW,Moss Vale,Not researched,Unknown,0,1,1,,Mapped named-network tenancy or official venue source provides a practical research starting point
P3,place-au-nsw-neeta-city-shopping-centre,Neeta City Shopping Centre,Australia,NSW,Fairfield,Not researched,Unknown,0,1,1,,Mapped named-network tenancy or official venue source provides a practical research starting point
P3,place-au-nsw-sapphire-marketplace,Sapphire Marketplace,Australia,NSW,Bega,Not researched,Unknown,0,1,1,,Mapped named-network tenancy or official venue source provides a practical research starting point
P3,place-au-nsw-southpoint-shopping-centre,Southpoint Shopping Centre,Australia,NSW,Hillsdale,Not researched,Unknown,0,1,1,,Mapped named-network tenancy or official venue source provides a practical research starting point
P3,place-au-nsw-stockland-mall,Stockland Mall,Australia,NSW,Jesmond,Not researched,Unknown,0,1,1,https://www.stockland.com.au/shopping-centres,Mapped named-network tenancy or official venue source provides a practical research starting point
P3,place-au-nsw-the-belmore-centre,The Belmore Centre,Australia,NSW,Goulburn,Not researched,Unknown,0,1,1,,Mapped named-network tenancy or official venue source provides a practical research starting point
P3,place-au-nsw-the-plaza,The Plaza,Australia,NSW,Murwillumbah,Not researched,Unknown,0,1,1,,Mapped named-network tenancy or official venue source provides a practical research starting point
P3,place-au-nsw-the-strand-arcade,The Strand Arcade,Australia,NSW,Sydney,Not researched,Unknown,0,1,1,,Mapped named-network tenancy or official venue source provides a practical research starting point
P3,place-au-nsw-west-mall-rutherford-shopping-centre,West Mall Rutherford Shopping Centre,Australia,NSW,Rutherford,Not researched,Unknown,0,1,1,,Mapped named-network tenancy or official venue source provides a practical research starting point
P3,place-au-nsw-windsor-riverview-shopping-centre,Windsor Riverview Shopping Centre,Australia,NSW,Windsor,Not researched,Unknown,0,1,1,,Mapped named-network tenancy or official venue source provides a practical research starting point
P3,place-au-nsw-world-square,World Square,Australia,NSW,Sydney,Not researched,Unknown,0,1,1,,Mapped named-network tenancy or official venue source provides a practical research starting point
P3,place-au-nt-alice-plaza-shopping-centre,Alice Plaza Shopping Centre,Australia,NT,Alice Springs,Not researched,Unknown,0,1,1,,Mapped named-network tenancy or official venue source provides a practical research starting point
P3,place-au-nt-gateway-shopping-centre,Gateway Shopping Centre,Australia,NT,Palmerston City,Not researched,Unknown,0,1,1,https://gatewaynt.com.au/,Mapped named-network tenancy or official venue source provides a practical research starting point
P3,place-au-nt-hibiscus-shoppingtown,Hibiscus Shoppingtown,Australia,NT,Darwin,Not researched,Unknown,0,1,1,,Mapped named-network tenancy or official venue source provides a practical research starting point
P3,place-au-qld-albany-creek-village,Albany Creek Village,Australia,QLD,Albany Creek,Not researched,Unknown,0,1,1,,Mapped named-network tenancy or official venue source provides a practical research starting point
P3,place-au-qld-alexandra-hills-shopping-centre,Alexandra Hills Shopping Centre,Australia,QLD,Alexandra Hills,Not researched,Unknown,0,1,1,https://www.alexandrahillssc.com.au/,Mapped named-network tenancy or official venue source provides a practical research starting point
P3,place-au-qld-arana-hills-plaza,Arana Hills Plaza,Australia,QLD,Arana Hills,Not researched,Unknown,0,1,1,,Mapped named-network tenancy or official venue source provides a practical research starting point
P3,place-au-qld-arndale-shopping-centre,Arndale Shopping Centre,Australia,QLD,Springwood,Not researched,Unknown,0,1,1,,Mapped named-network tenancy or official venue source provides a practical research starting point
P3,place-au-qld-arundel-plaza,Arundel Plaza,Australia,QLD,Arundel,Not researched,Unknown,0,1,1,,Mapped named-network tenancy or official venue source provides a practical research starting point
P3,place-au-qld-bay-plaza-yeppoon,Bay Plaza Yeppoon,Australia,QLD,Yeppoon,Not researched,Unknown,0,1,1,,Mapped named-network tenancy or official venue source provides a practical research starting point
P3,place-au-qld-beaudesert-central-shopping-centre,Beaudesert Central Shopping Centre,Australia,QLD,Beaudesert,Not researched,Unknown,0,1,1,,Mapped named-network tenancy or official venue source provides a practical research starting point
P3,place-au-qld-beerwah-village,Beerwah Village,Australia,QLD,Beerwah,Not researched,Unknown,0,1,1,,Mapped named-network tenancy or official venue source provides a practical research starting point
P3,place-au-qld-benowa-gardens-s-centre,Benowa Gardens S/Centre,Australia,QLD,Benowa,Not researched,Unknown,0,1,1,,Mapped named-network tenancy or official venue source provides a practical research starting point
P3,place-au-qld-buderim-marketplace,Buderim Marketplace,Australia,QLD,Buderim,Not researched,Unknown,0,1,1,,Mapped named-network tenancy or official venue source provides a practical research starting point
P3,place-au-qld-clifford-gardens-shopping-centre,Clifford Gardens Shopping Centre,Australia,QLD,Toowoomba,Not researched,Unknown,0,1,1,,Mapped named-network tenancy or official venue source provides a practical research starting point
P3,place-au-qld-clifton-village-shopping-centre,Clifton Village Shopping Centre,Australia,QLD,Clifton Beach,Not researched,Unknown,0,1,1,,Mapped named-network tenancy or official venue source provides a practical research starting point
P3,place-au-qld-coles-karalee-shopping-village,Coles Karalee Shopping Village,Australia,QLD,Chuwar,Not researched,Unknown,0,1,1,,Mapped named-network tenancy or official venue source provides a practical research starting point
P3,place-au-qld-grand-plaza-shopping-centre-browns-plains-qld-4118,Grand Plaza Shopping Centre Browns Plains QLD 4118,Australia,QLD,Browns Plains,Not researched,Unknown,0,1,1,,Mapped named-network tenancy or official venue source provides a practical research starting point
P3,place-au-qld-kenmore-village-shopping-centre,Kenmore Village Shopping Centre,Australia,QLD,Kenmore,Not researched,Unknown,0,1,1,,Mapped named-network tenancy or official venue source provides a practical research starting point
P3,place-au-qld-mkt-square-shopping-centre-deception-bay,MKT Square Shopping Centre – Deception Bay,Australia,QLD,Deception Bay,Not researched,Unknown,0,1,1,,Mapped named-network tenancy or official venue source provides a practical research starting point
P3,place-au-qld-miami-one-shopping-centre,Miami One Shopping Centre,Australia,QLD,Miami,Not researched,Unknown,0,1,1,,Mapped named-network tenancy or official venue source provides a practical research starting point
P3,place-au-qld-nambour-plaza,Nambour Plaza,Australia,QLD,Nambour,Not researched,Unknown,0,1,1,,Mapped named-network tenancy or official venue source provides a practical research starting point
P3,place-au-qld-optiko-queen-st-mall,Optiko – Queen St Mall,Australia,QLD,Brisbane,Not researched,Unknown,0,1,1,,Mapped named-network tenancy or official venue source provides a practical research starting point
P3,place-au-qld-robinson-road-marketplace,Robinson Road Marketplace,Australia,QLD,Aspley,Not researched,Unknown,0,1,1,,Mapped named-network tenancy or official venue source provides a practical research starting point
P3,place-au-qld-southport-park-shopping-centre,Southport Park Shopping Centre,Australia,QLD,Southport,Not researched,Unknown,0,1,1,,Mapped named-network tenancy or official venue source provides a practical research starting point
P3,place-au-qld-stafford-city-shopping-centre-stafford-qld-4053,Stafford City Shopping Centre Stafford QLD 4053,Australia,QLD,Stafford,Not researched,Unknown,0,1,1,,Mapped named-network tenancy or official venue source provides a practical research starting point
P3,place-au-qld-station-square-shopping-centre,Station Square Shopping Centre,Australia,QLD,Maryborough,Not researched,Unknown,0,1,1,,Mapped named-network tenancy or official venue source provides a practical research starting point
P3,place-au-qld-super-centre,Super Centre,Australia,QLD,Mermaid Waters,Not researched,Unknown,0,1,1,https://qsupercentre.com.au/,Mapped named-network tenancy or official venue source provides a practical research starting point
P3,place-au-qld-the-mall,The Mall,Australia,QLD,Beenleigh,Not researched,Unknown,0,1,1,,Mapped named-network tenancy or official venue source provides a practical research starting point
P3,place-au-qld-town-square,Town Square,Australia,QLD,Redbank Plains,Not researched,Unknown,0,1,1,,Mapped named-network tenancy or official venue source provides a practical research starting point
P3,place-au-qld-whitsunday-shopping-centre,Whitsunday Shopping Centre,Australia,QLD,Cannonvale,Not researched,Unknown,0,1,1,,Mapped named-network tenancy or official venue source provides a practical research starting point
P3,place-au-qld-windermere-village,Windermere Village,Australia,QLD,Jindalee,Not researched,Unknown,0,1,1,,Mapped named-network tenancy or official venue source provides a practical research starting point
P3,place-au-qld-yeppoon-central-shopping-centre,Yeppoon Central Shopping Centre,Australia,QLD,Yeppoon,Not researched,Unknown,0,1,1,,Mapped named-network tenancy or official venue source provides a practical research starting point
P3,place-au-sa-arndale-central,Arndale Central,Australia,SA,Kilkenny,Not researched,Unknown,0,1,1,https://www.specsavers.com.au/stores/kilkenny,Mapped named-network tenancy or official venue source provides a practical research starting point
P3,place-au-sa-barker-plaza,Barker Plaza,Australia,SA,Mt Barker,Not researched,Unknown,0,1,1,,Mapped named-network tenancy or official venue source provides a practical research starting point
P3,place-au-sa-berri-riverland-central-plaza,Berri Riverland Central Plaza,Australia,SA,Berri,Not researched,Unknown,0,1,1,https://www.riverlandcentral.com.au/,Mapped named-network tenancy or official venue source provides a practical research starting point
P3,place-au-sa-christies-beach-shopping-centre,Christies Beach Shopping Centre,Australia,SA,Christies Beach,Not researched,Unknown,0,1,1,,Mapped named-network tenancy or official venue source provides a practical research starting point
P3,place-au-sa-findon-shopping-centre,Findon Shopping Centre,Australia,SA,Findon,Not researched,Unknown,0,1,1,,Mapped named-network tenancy or official venue source provides a practical research starting point
P3,place-au-sa-firle-plaza,Firle Plaza,Australia,SA,Firle,Not researched,Unknown,0,1,1,,Mapped named-network tenancy or official venue source provides a practical research starting point
P3,place-au-sa-gawler-central-shopping-centre,Gawler Central Shopping Centre,Australia,SA,Gawler,Not researched,Unknown,0,1,1,,Mapped named-network tenancy or official venue source provides a practical research starting point
P3,place-au-sa-gilles-plains-shopping-centre,Gilles Plains Shopping Centre,Australia,SA,Gilles Plains,Not researched,Unknown,0,1,1,,Mapped named-network tenancy or official venue source provides a practical research starting point
P3,place-au-sa-hilton-plaza,Hilton Plaza,Australia,SA,Hilton,Not researched,Unknown,0,1,1,,Mapped named-network tenancy or official venue source provides a practical research starting point
P3,place-au-sa-marden-shopping-centre,Marden Shopping Centre,Australia,SA,Marden,Not researched,Unknown,0,1,1,,Mapped named-network tenancy or official venue source provides a practical research starting point
P3,place-au-sa-mount-barker-central,Mount Barker Central,Australia,SA,Mount Barker,Not researched,Unknown,0,1,1,https://www.specsavers.com.au/stores/mtbarker,Mapped named-network tenancy or official venue source provides a practical research starting point
P3,place-au-sa-munno-para-shopping-centre,Munno Para Shopping Centre,Australia,SA,Smithfield,Not researched,Unknown,0,1,1,,Mapped named-network tenancy or official venue source provides a practical research starting point
P3,place-au-sa-newton-village-shopping-centre,Newton Village Shopping Centre,Australia,SA,Newton,Not researched,Unknown,0,1,1,,Mapped named-network tenancy or official venue source provides a practical research starting point
P3,place-au-sa-noarlunga-centre,Noarlunga Centre,Australia,SA,Noarlunga Downs,Not researched,Unknown,0,1,1,,Mapped named-network tenancy or official venue source provides a practical research starting point
P3,place-au-sa-norwood-place,Norwood Place,Australia,SA,Norwood,Not researched,Unknown,0,1,1,https://www.specsavers.com.au/stores/norwood,Mapped named-network tenancy or official venue source provides a practical research starting point
P3,place-au-sa-parabanks-centre,Parabanks Centre,Australia,SA,Salisbury,Not researched,Unknown,0,1,1,,Mapped named-network tenancy or official venue source provides a practical research starting point
P3,place-au-sa-pasadena-green-shopping-centre,Pasadena Green Shopping Centre,Australia,SA,Pasadena,Not researched,Unknown,0,1,1,https://www.opsm.com.au/stores/sa/pasadena/vision-hub-pasadena-by-opsm/2962,Mapped named-network tenancy or official venue source provides a practical research starting point
P3,place-au-sa-pirie-plaza,Pirie Plaza,Australia,SA,Port Pirie,Not researched,Unknown,0,1,1,,Mapped named-network tenancy or official venue source provides a practical research starting point
P3,place-au-sa-seaford-central,Seaford Central,Australia,SA,Seaford,Not researched,Unknown,0,1,1,https://www.specsavers.com.au/stores/seaford,Mapped named-network tenancy or official venue source provides a practical research starting point
P3,place-au-sa-sefton-plaza-shopping-centre,Sefton Plaza Shopping Centre,Australia,SA,Sefton Park,Not researched,Unknown,0,1,1,,Mapped named-network tenancy or official venue source provides a practical research starting point
P3,place-au-sa-southgate-square,Southgate Square,Australia,SA,Morphett Vale,Not researched,Unknown,0,1,1,,Mapped named-network tenancy or official venue source provides a practical research starting point
P3,place-au-sa-the-barossa-co-op-shopping-centre,The Barossa Co-Op Shopping Centre,Australia,SA,Nuriootpa,Not researched,Unknown,0,1,1,https://barossa.coop/,Mapped named-network tenancy or official venue source provides a practical research starting point
P3,place-au-sa-the-hub-shopping-centre,The Hub Shopping Centre,Australia,SA,Aberfoyle Park,Not researched,Unknown,0,1,1,https://www.opsm.com.au/en/opsm-au/find-store,Mapped named-network tenancy or official venue source provides a practical research starting point
P3,place-au-sa-unley-shopping-centre,Unley Shopping Centre,Australia,SA,Unley,Not researched,Unknown,0,1,1,,Mapped named-network tenancy or official venue source provides a practical research starting point
P3,place-au-sa-victor-central,Victor Central,Australia,SA,Victor Harbor,Not researched,Unknown,0,1,1,https://www.specsavers.com.au/stores/victor-harbor,Mapped named-network tenancy or official venue source provides a practical research starting point
P3,place-au-sa-westlakes-shopping-centre,Westlakes Shopping Centre,Australia,SA,West Lakes,Not researched,Unknown,0,1,1,,Mapped named-network tenancy or official venue source provides a practical research starting point
P3,place-au-tas-gateway-shopping-centre,Gateway Shopping Centre,Australia,TAS,Sorell,Not researched,Unknown,0,1,1,,Mapped named-network tenancy or official venue source provides a practical research starting point
P3,place-au-tas-kingston-town-shopping-centre,Kingston Town Shopping Centre,Australia,TAS,Kingston,Not researched,Unknown,0,1,1,,Mapped named-network tenancy or official venue source provides a practical research starting point
P3,place-au-tas-legana-grove-shopping-centre,Legana Grove Shopping Centre,Australia,TAS,Legana,Not researched,Unknown,0,1,1,,Mapped named-network tenancy or official venue source provides a practical research starting point
P3,place-au-tas-northgate-shopping-centre,Northgate Shopping Centre,Australia,TAS,Glenorchy,Not researched,Unknown,0,1,1,https://www.northgatesc.com.au/,Mapped named-network tenancy or official venue source provides a practical research starting point
P3,place-au-tas-prospect-vale-market-place,Prospect Vale Market Place,Australia,TAS,Prospect,Not researched,Unknown,0,1,1,,Mapped named-network tenancy or official venue source provides a practical research starting point
P3,place-au-vic-altona-meadows-central-square,Altona Meadows Central Square,Australia,VIC,Altona Meadows,Not researched,Unknown,0,1,1,https://www.centralsquareshopping.com.au/,Mapped named-network tenancy or official venue source provides a practical research starting point
P3,place-au-vic-barkly-square,Barkly Square,Australia,VIC,Brunswick,Not researched,Unknown,0,1,1,https://www.specsavers.com.au/stores/brunswick,Mapped named-network tenancy or official venue source provides a practical research starting point
P3,place-au-vic-belmont-shopping-centre,Belmont Shopping Centre,Australia,VIC,Belmont,Not researched,Unknown,0,1,1,https://belmontvillage.com.au,Mapped named-network tenancy or official venue source provides a practical research starting point
P3,place-au-vic-berwick-eden-rise-shopping-centre,Berwick Eden Rise Shopping Centre,Australia,VIC,Berwick,Not researched,Unknown,0,1,1,http://edenrisevillage.nevpask.com.au/,Mapped named-network tenancy or official venue source provides a practical research starting point
P3,place-au-vic-box-hill-central-south,Box Hill Central South,Australia,VIC,Box Hill,Not researched,Unknown,0,1,1,https://www.specsavers.com.au/stores/boxhill,Mapped named-network tenancy or official venue source provides a practical research starting point
P3,place-au-vic-brimbank-central,Brimbank Central,Australia,VIC,Deer Park,Not researched,Unknown,0,1,1,https://www.specsavers.com.au/stores/deerpark,Mapped named-network tenancy or official venue source provides a practical research starting point
P3,place-au-vic-camberwell-arcade,Camberwell Arcade,Australia,VIC,Camberwell,Not researched,Unknown,0,1,1,https://www.camberwellplace.com.au/,Mapped named-network tenancy or official venue source provides a practical research starting point
P3,place-au-vic-caroline-springs-square,Caroline Springs Square,Australia,VIC,Caroline Springs,Not researched,Unknown,0,1,1,http://www.carolinespringsonline.com.au/Caroline-Springs-Town-Centre/default.aspx,Mapped named-network tenancy or official venue source provides a practical research starting point
P3,place-au-vic-centre-rd,Centre Rd,Australia,VIC,Bentleigh,Not researched,Unknown,0,1,1,,Mapped named-network tenancy or official venue source provides a practical research starting point
P3,place-au-vic-endeavour-hills-shopping-centre,Endeavour Hills Shopping Centre,Australia,VIC,Endeavour Hills,Not researched,Unknown,0,1,1,https://www.endeavourhillsshopping.com.au/,Mapped named-network tenancy or official venue source provides a practical research starting point
P3,place-au-vic-gateway-plaza,Gateway Plaza,Australia,VIC,Leopold,Not researched,Unknown,0,1,1,https://www.gatewayplazaleopold.com.au/,Mapped named-network tenancy or official venue source provides a practical research starting point
P3,place-au-vic-heidelberg-warringal-shopping-centre,Heidelberg Warringal Shopping Centre,Australia,VIC,Heidelberg,Not researched,Unknown,0,1,1,https://warringal.net.au,Mapped named-network tenancy or official venue source provides a practical research starting point
P3,place-au-vic-kangaroo-flat-lansell-plaza,Kangaroo Flat Lansell Plaza,Australia,VIC,Kangaroo Flat,Not researched,Unknown,0,1,1,https://www.lansellsquare.com.au/,Mapped named-network tenancy or official venue source provides a practical research starting point
P3,place-au-vic-keilor-downs-shopping-centre,Keilor Downs Shopping Centre,Australia,VIC,Keilor Downs,Not researched,Unknown,0,1,1,https://www.keilorcentral.com.au,Mapped named-network tenancy or official venue source provides a practical research starting point
P3,place-au-vic-mildura-central,Mildura Central,Australia,VIC,Mildura,Not researched,Unknown,0,1,1,https://www.oscarwylee.com.au/locations/locations/optometrist-mildura.html,Mapped named-network tenancy or official venue source provides a practical research starting point
P3,place-au-vic-mill-park-plaza,Mill Park Plaza,Australia,VIC,Mill Park,Not researched,Unknown,0,1,1,,Mapped named-network tenancy or official venue source provides a practical research starting point
P3,place-au-vic-millers-junction-village,Millers Junction Village,Australia,VIC,Altona North,Not researched,Unknown,0,1,1,,Mapped named-network tenancy or official venue source provides a practical research starting point
P3,place-au-vic-pran-central-shopping-centre,Pran Central Shopping Centre,Australia,VIC,Prahran,Not researched,Unknown,0,1,1,,Mapped named-network tenancy or official venue source provides a practical research starting point
P3,place-au-vic-stud-park-shopping-centre,Stud Park Shopping Centre,Australia,VIC,Rowville,Not researched,Unknown,0,1,1,https://www.studparksc.com.au/,Mapped named-network tenancy or official venue source provides a practical research starting point
P3,place-au-vic-summerhill-shopping-centre,Summerhill Shopping Centre,Australia,VIC,Reservoir,Not researched,Unknown,0,1,1,,Mapped named-network tenancy or official venue source provides a practical research starting point
P3,place-au-vic-the-mall,The Mall,Australia,VIC,Seymour,Not researched,Unknown,0,1,1,,Mapped named-network tenancy or official venue source provides a practical research starting point
P3,place-au-vic-the-village-bacchus-marsh-shopping-centre,The Village Bacchus Marsh Shopping Centre,Australia,VIC,Bacchus Marsh,Not researched,Unknown,0,1,1,www.bmvsc.com,Mapped named-network tenancy or official venue source provides a practical research starting point
P3,place-au-vic-toorak-road-burwood-village,Toorak Road (Burwood Village),Australia,VIC,Camberwell,Not researched,Unknown,0,1,1,,Mapped named-network tenancy or official venue source provides a practical research starting point
P3,place-au-vic-waurn-ponds-shopping-centre,Waurn Ponds Shopping Centre,Australia,VIC,Waurn Ponds,Not researched,Unknown,0,1,1,https://www.waurnpondssc.com.au/,Mapped named-network tenancy or official venue source provides a practical research starting point
P3,place-au-vic-wellington-village-shopping-centre,Wellington Village Shopping Centre,Australia,VIC,Rowville,Not researched,Unknown,0,1,1,,Mapped named-network tenancy or official venue source provides a practical research starting point
P3,place-au-vic-wodonga-plaza,Wodonga Plaza,Australia,VIC,Wodonga,Not researched,Unknown,0,1,1,,Mapped named-network tenancy or official venue source provides a practical research starting point
P3,place-au-vic-wyndham-village-shopping-centre,Wyndham Village Shopping Centre,Australia,VIC,Tarneit,Not researched,Unknown,0,1,1,https://wyndhamvillage.com.au/,Mapped named-network tenancy or official venue source provides a practical research starting point
P3,place-au-wa-albany-plaza,Albany Plaza,Australia,WA,Albany,Not researched,Unknown,0,1,1,,Mapped named-network tenancy or official venue source provides a practical research starting point
P3,place-au-wa-armadale-central,Armadale Central,Australia,WA,Armadale,Not researched,Unknown,0,1,1,https://www.specsavers.com.au/stores/armadale,Mapped named-network tenancy or official venue source provides a practical research starting point
P3,place-au-wa-armadale-shopping-centre,Armadale Shopping Centre,Australia,WA,Armadale,Not researched,Unknown,0,1,1,,Mapped named-network tenancy or official venue source provides a practical research starting point
P3,place-au-wa-bunbury-forum,Bunbury Forum,Australia,WA,Bunbury,Not researched,Unknown,0,1,1,https://bunburyforum.com.au/,Mapped named-network tenancy or official venue source provides a practical research starting point
P3,place-au-wa-centrepoint-shopping-centre,Centrepoint Shopping Centre,Australia,WA,Bunbury,Not researched,Unknown,0,1,1,,Mapped named-network tenancy or official venue source provides a practical research starting point
P3,place-au-wa-cloisters-square,Cloisters Square,Australia,WA,Perth,Not researched,Unknown,0,1,1,,Mapped named-network tenancy or official venue source provides a practical research starting point
P3,place-au-wa-dog-swamp-shopping-centre,Dog Swamp Shopping Centre,Australia,WA,Yokine,Not researched,Unknown,0,1,1,https://dogswampsc.com.au/,Mapped named-network tenancy or official venue source provides a practical research starting point
P3,place-au-wa-duncraig-shopping-centre,Duncraig Shopping Centre,Australia,WA,Duncraig,Not researched,Unknown,0,1,1,,Mapped named-network tenancy or official venue source provides a practical research starting point
P3,place-au-wa-eaton-fair-shopping-centre,Eaton Fair Shopping Centre,Australia,WA,Eaton,Not researched,Unknown,0,1,1,https://eatonfair.com.au/,Mapped named-network tenancy or official venue source provides a practical research starting point
P3,place-au-wa-ellenbrook-central,Ellenbrook Central,Australia,WA,Ellenbrook,Not researched,Unknown,0,1,1,https://www.oscarwylee.com.au/locations/locations/optometrist-ellenbrook.html,Mapped named-network tenancy or official venue source provides a practical research starting point
P3,place-au-wa-floreat-forum,Floreat Forum,Australia,WA,Floreat,Not researched,Unknown,0,1,1,https://www.floreatforum.com.au/,Mapped named-network tenancy or official venue source provides a practical research starting point
P3,place-au-wa-garden-city-shopping-centre,Garden City Shopping Centre,Australia,WA,Booragoon,Not researched,Unknown,0,1,1,,Mapped named-network tenancy or official venue source provides a practical research starting point
P3,place-au-wa-gateways-shopping-centre,Gateways Shopping Centre,Australia,WA,Success,Not researched,Unknown,0,1,1,,Mapped named-network tenancy or official venue source provides a practical research starting point
P3,place-au-wa-halls-head-central,Halls Head Central,Australia,WA,Halls Head,Not researched,Unknown,0,1,1,https://www.specsavers.com.au/stores/hallshead,Mapped named-network tenancy or official venue source provides a practical research starting point
P3,place-au-wa-homeco-southlands-boulevarde,HomeCo. Southlands Boulevarde,Australia,WA,Willetton,Not researched,Unknown,0,1,1,https://www.southlands.com.au/,Mapped named-network tenancy or official venue source provides a practical research starting point
P3,place-au-wa-kalgoorlie-woolworths-centre,Kalgoorlie Woolworths Centre,Australia,WA,Kalgoorlie,Not researched,Unknown,0,1,1,,Mapped named-network tenancy or official venue source provides a practical research starting point
P3,place-au-wa-lakelands-shopping-centre,Lakelands Shopping Centre,Australia,WA,Lakelands,Not researched,Unknown,0,1,1,,Mapped named-network tenancy or official venue source provides a practical research starting point
P3,place-au-wa-madeley-kingsway-city-shopping-centre,Madeley Kingsway City Shopping Centre,Australia,WA,Madeley,Not researched,Unknown,0,1,1,,Mapped named-network tenancy or official venue source provides a practical research starting point
P3,place-au-wa-manning-arcade,Manning Arcade,Australia,WA,Fremantle,Not researched,Unknown,0,1,1,,Mapped named-network tenancy or official venue source provides a practical research starting point
P3,place-au-wa-morley-gateway-shopping-centre,Morley Gateway Shopping Centre,Australia,WA,Morley,Not researched,Unknown,0,1,1,,Mapped named-network tenancy or official venue source provides a practical research starting point
P3,place-au-wa-murray-st-mall,Murray St Mall,Australia,WA,Perth,Not researched,Unknown,0,1,1,,Mapped named-network tenancy or official venue source provides a practical research starting point
P3,place-au-wa-the-gateway-business-centre,The Gateway Business Centre,Australia,WA,Booragoon,Not researched,Unknown,0,1,1,,Mapped named-network tenancy or official venue source provides a practical research starting point
P3,place-au-wa-victoria-park-central,Victoria Park Central,Australia,WA,Victoria Park,Not researched,Unknown,0,1,1,https://www.specsavers.com.au/stores/victoriapark,Mapped named-network tenancy or official venue source provides a practical research starting point
P3,place-au-wa-wanneroo-central,Wanneroo Central,Australia,WA,Wanneroo,Not researched,Unknown,0,1,1,https://www.specsavers.com.au/stores/wanneroo,Mapped named-network tenancy or official venue source provides a practical research starting point
P3,place-au-wa-warwick-grove,Warwick Grove,Australia,WA,Warwick,Not researched,Unknown,0,1,1,https://www.specsavers.com.au/stores/warwick,Mapped named-network tenancy or official venue source provides a practical research starting point
P3,place-au-wa-waterford-village-green,Waterford Village Green,Australia,WA,Karawara,Not researched,Unknown,0,1,1,,Mapped named-network tenancy or official venue source provides a practical research starting point
P3,place-au-wa-winthrop-village-shopping-centre,Winthrop Village Shopping Centre,Australia,WA,Winthrop,Not researched,Unknown,0,1,1,,Mapped named-network tenancy or official venue source provides a practical research starting point
P3,place-nz-bay-of-plenty-tauranga-crossing,Tauranga Crossing,New Zealand,Bay of Plenty,Tauranga,Not researched,Unknown,0,1,1,https://www.specsavers.co.nz/stores/tauranga-crossing,Mapped named-network tenancy or official venue source provides a practical research starting point
P3,place-nz-manawatu-whanganui-levin-shopping-centre,Levin Shopping Centre,New Zealand,Manawatu-Whanganui,Levin,Not researched,Unknown,0,1,1,,Mapped named-network tenancy or official venue source provides a practical research starting point
P3,place-nz-marlborough-the-forum,The Forum,New Zealand,Marlborough,Blenheim,Not researched,Unknown,0,1,1,,Mapped named-network tenancy or official venue source provides a practical research starting point
P3,place-nz-nelson-buxton-square,Buxton Square,New Zealand,Nelson,Nelson,Not researched,Unknown,0,1,1,,Mapped named-network tenancy or official venue source provides a practical research starting point
P3,place-nz-northland-john-butler-centre,John Butler Centre,New Zealand,Northland,Kerikeri,Not researched,Unknown,0,1,1,,Mapped named-network tenancy or official venue source provides a practical research starting point
P3,place-nz-otago-remarkables-park-town-centre,Remarkables Park Town Centre,New Zealand,Otago,Queenstown,Not researched,Unknown,0,1,1,,Mapped named-network tenancy or official venue source provides a practical research starting point
P3,place-nz-southland-southland,Southland,New Zealand,Southland,Invercargill,Not researched,Unknown,0,1,1,,Mapped named-network tenancy or official venue source provides a practical research starting point
P3,place-nz-tasman-sundial-square,Sundial Square,New Zealand,Tasman,Richmond,Not researched,Unknown,0,1,1,,Mapped named-network tenancy or official venue source provides a practical research starting point
P3,place-nz-waikato-goldfields-shopping-centre,Goldfields Shopping Centre,New Zealand,Waikato,Thames,Not researched,Unknown,0,1,1,,Mapped named-network tenancy or official venue source provides a practical research starting point
P3,place-nz-waikato-te-awa-at-the-base,Te Awa at The Base,New Zealand,Waikato,Hamilton,Not researched,Unknown,0,1,1,https://www.specsavers.co.nz/stores/terapa,Mapped named-network tenancy or official venue source provides a practical research starting point
P3,place-au-vic-the-strand-melbourne,The Strand Melbourne,Australia,VIC,,Not researched,Unknown,0,0,3,https://hendersonsoptical.com.au/contact/,Mapped named-network tenancy or official venue source provides a practical research starting point
P3,place-au-vic-campbellfield-plaza,Campbellfield Plaza,Australia,VIC,,Not researched,Unknown,0,0,2,https://www.accc.gov.au/system/files/public-registers/documents/D12%2B175884.pdf,Mapped named-network tenancy or official venue source provides a practical research starting point
P3,place-au-tas-channel-court-shopping-centre,Channel Court Shopping Centre,Australia,TAS,Kingston,Not researched,Unknown,0,0,1,https://www.channelcourt.com.au/,Mapped named-network tenancy or official venue source provides a practical research starting point
P3,place-au-vic-bulleen-plaza-shopping-centre,Bulleen Plaza Shopping Centre,Australia,VIC,Bulleen,Not researched,Unknown,0,0,1,https://bulleenplaza.com.au/,Mapped named-network tenancy or official venue source provides a practical research starting point
P3,place-au-vic-carrum-downs-shop-centre,Carrum Downs Shop Centre,Australia,VIC,Carrum Downs,Not researched,Unknown,0,0,1,https://www.carrumdownssc.com.au/,Mapped named-network tenancy or official venue source provides a practical research starting point
P3,place-au-vic-central-west-shopping-centre,Central West Shopping Centre,Australia,VIC,Braybrook,Not researched,Unknown,0,0,1,https://www.centralwest.com.au/,Mapped named-network tenancy or official venue source provides a practical research starting point
P3,place-au-vic-greenvale-shopping-centre,Greenvale Shopping Centre,Australia,VIC,Greenvale,Not researched,Unknown,0,0,1,https://www.greenvaleshopping.com.au/,Mapped named-network tenancy or official venue source provides a practical research starting point
P3,place-au-vic-sanctuary-lakes-shopping-ctr,Sanctuary Lakes Shopping Ctr,Australia,VIC,Point Cook,Not researched,Unknown,0,0,1,www.sanctuarylakesshoppingcentre.com.au/,Mapped named-network tenancy or official venue source provides a practical research starting point
P3,place-au-vic-wheelers-hill-business-centre,Wheelers Hill Business Centre,Australia,VIC,Wheelers Hill,Not researched,Unknown,0,0,1,http://www.whbc.com.au/?page=shopping,Mapped named-network tenancy or official venue source provides a practical research starting point
P3,place-au-wa-meadow-springs-shopping-centre,Meadow Springs Shopping Centre,Australia,WA,Meadow Springs,Not researched,Unknown,0,0,1,https://www.meadowspringsshoppingcentre.com.au/,Mapped named-network tenancy or official venue source provides a practical research starting point
P3,place-au-unknown-acland-court,Acland Court,Australia,,,Not researched,Unknown,0,0,0,https://aclandcourt.com.au/,Mapped named-network tenancy or official venue source provides a practical research starting point
P3,place-au-unknown-aldinga-central-shopping-centre,Aldinga Central Shopping Centre,Australia,,,Not researched,Unknown,0,0,0,https://www.aldingacentral.com.au/,Mapped named-network tenancy or official venue source provides a practical research starting point
P3,place-au-unknown-angle-vale-village,Angle Vale Village,Australia,,,Not researched,Unknown,0,0,0,https://anglevaleshopping.com.au/,Mapped named-network tenancy or official venue source provides a practical research starting point
P3,place-au-unknown-arena-shopping-centre,Arena Shopping Centre,Australia,,,Not researched,Unknown,0,0,0,https://arenashoppingcentre.com.au/,Mapped named-network tenancy or official venue source provides a practical research starting point
P3,place-au-unknown-aspendale-gardens-shopping-centre,Aspendale Gardens Shopping Centre,Australia,,,Not researched,Unknown,0,0,0,https://www.aspendalegardenssc.com.au/,Mapped named-network tenancy or official venue source provides a practical research starting point
P3,place-au-unknown-aspley-homemaker-city,Aspley Homemaker City,Australia,,Aspley,Not researched,Unknown,0,0,0,https://aspleyhomemakercity.com.au/,Mapped named-network tenancy or official venue source provides a practical research starting point
P3,place-au-unknown-ballina-central,Ballina Central,Australia,,,Not researched,Unknown,0,0,0,https://ballinacentral.com.au/,Mapped named-network tenancy or official venue source provides a practical research starting point
P3,place-au-unknown-ballina-fair,Ballina Fair,Australia,,,Not researched,Unknown,0,0,0,https://ballinafair.com.au,Mapped named-network tenancy or official venue source provides a practical research starting point
P3,place-au-unknown-bay-central,Bay Central,Australia,,,Not researched,Unknown,0,0,0,https://www.baycentralwoolooware.com.au/,Mapped named-network tenancy or official venue source provides a practical research starting point
P3,place-au-unknown-blacktown-mega-centre,Blacktown Mega Centre,Australia,,,Not researched,Unknown,0,0,0,https://www.blacktownmegacentre.com.au/,Mapped named-network tenancy or official venue source provides a practical research starting point
P3,place-au-unknown-box-hill-large-format-retail-centre,Box Hill Large Format Retail Centre,Australia,,,Not researched,Unknown,0,0,0,https://www.home-co.com.au/centre/home-consortium-box-hill/,Mapped named-network tenancy or official venue source provides a practical research starting point
P3,place-au-unknown-brooklane-shopping-centre,Brooklane Shopping Centre,Australia,,,Not researched,Unknown,0,0,0,https://retail.centuria.com.au/retail-centre/brooklane-shopping-centre-ellenbrook/,Mapped named-network tenancy or official venue source provides a practical research starting point
P3,place-au-unknown-broome-boulevard,Broome Boulevard,Australia,,,Not researched,Unknown,0,0,0,https://www.broomeboulevard.com.au/,Mapped named-network tenancy or official venue source provides a practical research starting point
P3,place-au-unknown-burnside-shopping-centre,Burnside Shopping Centre,Australia,,,Not researched,Unknown,0,0,0,http://www.burnsideshoppingcentre.com/,Mapped named-network tenancy or official venue source provides a practical research starting point
P3,place-au-unknown-burnside-village-shopping-centre,Burnside Village Shopping Centre,Australia,,,Not researched,Unknown,0,0,0,https://www.burnsidevillage.com.au/,Mapped named-network tenancy or official venue source provides a practical research starting point
P3,place-au-unknown-burwood-brickworks-shopping-centre,Burwood Brickworks Shopping Centre,Australia,,,Not researched,Unknown,0,0,0,https://www.burwoodbrickworks.shopping/,Mapped named-network tenancy or official venue source provides a practical research starting point
P3,place-au-unknown-burwood-one,Burwood One,Australia,,,Not researched,Unknown,0,0,0,https://burwoodone.com.au/,Mapped named-network tenancy or official venue source provides a practical research starting point
P3,place-au-unknown-campbelltown-mall,Campbelltown Mall,Australia,,,Not researched,Unknown,0,0,0,https://www.campbelltownmall.com.au/,Mapped named-network tenancy or official venue source provides a practical research starting point
P3,place-au-unknown-capestone-village,Capestone Village,Australia,,,Not researched,Unknown,0,0,0,https://www.capestonevillage.com.au/,Mapped named-network tenancy or official venue source provides a practical research starting point
P3,place-au-unknown-centrepoint-midland-shopping-centre-parking-area,Centrepoint Midland Shopping Centre Parking Area,Australia,,,Not researched,Unknown,0,0,0,https://www.centrepointshoppingcentre.com.au/,Mapped named-network tenancy or official venue source provides a practical research starting point
P3,place-au-unknown-chester-square,Chester Square,Australia,,,Not researched,Unknown,0,0,0,https://www.chestersquare.com.au/,Mapped named-network tenancy or official venue source provides a practical research starting point
P3,place-au-unknown-chisholm-centre,Chisholm Centre,Australia,,,Not researched,Unknown,0,0,0,https://www.chisholmvillage.com/,Mapped named-network tenancy or official venue source provides a practical research starting point
P3,place-au-unknown-chittaway-centre,Chittaway Centre,Australia,,,Not researched,Unknown,0,0,0,http://www.chittaway.com.au/,Mapped named-network tenancy or official venue source provides a practical research starting point
P3,place-au-unknown-colac-plaza,Colac Plaza,Australia,,,Not researched,Unknown,0,0,0,https://colacplazashopping.com.au,Mapped named-network tenancy or official venue source provides a practical research starting point
P3,place-au-unknown-collins-arcade,Collins Arcade,Australia,,Melbourne,Not researched,Unknown,0,0,0,https://www.collinsarcade.com.au/,Mapped named-network tenancy or official venue source provides a practical research starting point
P3,place-au-unknown-cowes-shopping-centre,Cowes Shopping Centre,Australia,,,Not researched,Unknown,0,0,0,https://cowesshoppingcentre.com.au,Mapped named-network tenancy or official venue source provides a practical research starting point
P3,place-au-unknown-craigieburn-junction,Craigieburn Junction,Australia,,,Partial,Unknown,0,0,0,https://craigieburnjunction.com.au,Mapped named-network tenancy or official venue source provides a practical research starting point
P3,place-au-unknown-craigieburn-village,Craigieburn Village,Australia,,,Not researched,Unknown,0,0,0,https://craigieburnvillage.com.au/,Mapped named-network tenancy or official venue source provides a practical research starting point
P3,place-au-unknown-dfo-essendon,DFO Essendon,Australia,,,Not researched,Unknown,0,0,0,https://www.dfo.com.au/essendon,Mapped named-network tenancy or official venue source provides a practical research starting point
P3,place-au-unknown-dfo-homebush,DFO Homebush,Australia,,,Not researched,Unknown,0,0,0,https://www.homebush.dfo.com.au/,Mapped named-network tenancy or official venue source provides a practical research starting point
P3,place-au-unknown-dfo-moorabbin,DFO Moorabbin,Australia,,,Not researched,Unknown,0,0,0,https://www.dfo.com.au/,Mapped named-network tenancy or official venue source provides a practical research starting point
P3,place-au-unknown-dakabin-shopping-centre,Dakabin Shopping Centre,Australia,,,Not researched,Unknown,0,0,0,https://dakabinshoppingcentre.com.au/,Mapped named-network tenancy or official venue source provides a practical research starting point
P3,place-au-unknown-derrimut-village,Derrimut Village,Australia,,,Not researched,Unknown,0,0,0,https://derrimutvillagesc.com.au/,Mapped named-network tenancy or official venue source provides a practical research starting point
P3,place-au-unknown-dolphins-central-shopping-centre,Dolphins Central Shopping Centre,Australia,,,Not researched,Unknown,0,0,0,https://dolphinscentral.com.au/,Mapped named-network tenancy or official venue source provides a practical research starting point
P3,place-au-unknown-esperance-boulevard,Esperance Boulevard,Australia,,,Not researched,Unknown,0,0,0,https://www.esperanceboulevard.com.au/,Mapped named-network tenancy or official venue source provides a practical research starting point
P3,place-au-unknown-fairfield-forum,Fairfield Forum,Australia,,,Not researched,Unknown,0,0,0,https://www.fairfieldforum.com.au/,Mapped named-network tenancy or official venue source provides a practical research starting point
P3,place-au-unknown-forestway-shopping-centre,Forestway Shopping Centre,Australia,,,Not researched,Unknown,0,0,0,https://www.forestway.com.au/,Mapped named-network tenancy or official venue source provides a practical research starting point
P3,place-au-unknown-frankston-power-centre,Frankston Power Centre,Australia,,,Not researched,Unknown,0,0,0,https://www.frankstonpowercentre.com.au/,Mapped named-network tenancy or official venue source provides a practical research starting point
P3,place-au-unknown-galleria,Galleria,Australia,,,Not researched,Unknown,0,0,0,https://www.galleria.com.au/,Mapped named-network tenancy or official venue source provides a practical research starting point
P3,place-au-unknown-gepps-cross-shopping-centre,Gepps Cross Shopping Centre,Australia,,,Not researched,Unknown,0,0,0,https://geppsxhomehq.com.au/,Mapped named-network tenancy or official venue source provides a practical research starting point
P3,place-au-unknown-gippsland-centre,Gippsland Centre,Australia,,,Not researched,Unknown,0,0,0,https://gippslandcentre.com.au/,Mapped named-network tenancy or official venue source provides a practical research starting point
P3,place-au-unknown-goldfields-plaza,Goldfields Plaza,Australia,,,Not researched,Unknown,0,0,0,https://www.goldfieldsplaza.com.au/,Mapped named-network tenancy or official venue source provides a practical research starting point
P3,place-au-unknown-goulburn-square,Goulburn Square,Australia,,,Not researched,Unknown,0,0,0,https://www.goulburnsquare.com.au/,Mapped named-network tenancy or official venue source provides a practical research starting point
P3,place-au-unknown-granville-place-shopping-centre,Granville Place Shopping Centre,Australia,,,Not researched,Unknown,0,0,0,https://www.granvilleplaceshopping.com.au/,Mapped named-network tenancy or official venue source provides a practical research starting point
P3,place-au-unknown-great-western-centre,Great Western Centre,Australia,,,Not researched,Unknown,0,0,0,https://greatwesterncentre.com.au,Mapped named-network tenancy or official venue source provides a practical research starting point
P3,place-au-unknown-greenfield-shopping-village,Greenfield Shopping Village,Australia,,,Not researched,Unknown,0,0,0,https://www.gpsv.com.au/,Mapped named-network tenancy or official venue source provides a practical research starting point
P3,place-au-unknown-greenway-wetherill-park,Greenway Wetherill Park,Australia,,,Not researched,Unknown,0,0,0,https://greenwaywetherillpark.com.au/,Mapped named-network tenancy or official venue source provides a practical research starting point
P3,place-au-unknown-greystanes-shopping-centre,Greystanes Shopping Centre,Australia,,,Not researched,Unknown,0,0,0,https://www.greystanesshoppingcentre.com.au/,Mapped named-network tenancy or official venue source provides a practical research starting point
P3,place-au-unknown-gympie-central,Gympie Central,Australia,,,Not researched,Unknown,0,0,0,https://www.gympiecentral.com.au/,Mapped named-network tenancy or official venue source provides a practical research starting point
P3,place-au-unknown-hallett-cove-shopping-centre,Hallett Cove Shopping Centre,Australia,,,Not researched,Unknown,0,0,0,https://www.hallettcoveshoppingcentre.com.au/,Mapped named-network tenancy or official venue source provides a practical research starting point
P3,place-au-unknown-harbour-town,Harbour Town,Australia,,,Not researched,Unknown,0,0,0,https://harbourtownadelaide.com.au/,Mapped named-network tenancy or official venue source provides a practical research starting point
P3,place-au-unknown-hawaiian-s-the-mezz,Hawaiian's The Mezz,Australia,,,Not researched,Unknown,0,0,0,https://www.hawaiian.com.au/the-mezz/,Mapped named-network tenancy or official venue source provides a practical research starting point
P3,place-au-unknown-highfields-village-shopping-centre,Highfields Village Shopping Centre,Australia,,,Not researched,Unknown,0,0,0,https://www.highfieldsvillage.com.au/,Mapped named-network tenancy or official venue source provides a practical research starting point
P3,place-au-unknown-home-co-mornington,Home Co. Mornington,Australia,,,Not researched,Unknown,0,0,0,https://www.home-co.com.au/centre/home-consortium-mornington/,Mapped named-network tenancy or official venue source provides a practical research starting point
P3,place-au-unknown-home-consortium-south-morang,Home Consortium South Morang,Australia,,,Not researched,Unknown,0,0,0,https://www.home-co.com.au/centre/home-consortium-south-morang/,Mapped named-network tenancy or official venue source provides a practical research starting point
P3,place-au-unknown-homeco,HomeCo,Australia,,,Not researched,Unknown,0,0,0,https://www.home-co.com.au/centre/keysborough/,Mapped named-network tenancy or official venue source provides a practical research starting point
P3,place-au-unknown-homeco-way-171574637,HomeCo,Australia,,,Not researched,Unknown,0,0,0,https://www.home-co.com.au/centre/home-consortium-knoxfield/,Mapped named-network tenancy or official venue source provides a practical research starting point
P3,place-au-unknown-homeco-way-536335852,HomeCo,Australia,,,Not researched,Unknown,0,0,0,https://www.home-co.com.au/centre/home-consortium-rutherford/,Mapped named-network tenancy or official venue source provides a practical research starting point
P3,place-au-unknown-homeco-peninsula,HomeCo. Peninsula,Australia,,,Not researched,Unknown,0,0,0,https://home-co.com.au/peninsula,Mapped named-network tenancy or official venue source provides a practical research starting point
P3,place-au-unknown-hunt-club-village,Hunt Club Village,Australia,,,Not researched,Unknown,0,0,0,http://www.huntclub.com.au/shopping-centre,Mapped named-network tenancy or official venue source provides a practical research starting point
P3,place-au-unknown-ivanhoe-plaza,Ivanhoe Plaza,Australia,,,Not researched,Unknown,0,0,0,https://ivanhoeplaza.com,Mapped named-network tenancy or official venue source provides a practical research starting point
P3,place-au-unknown-jordan-springs-shopping-centre,Jordan Springs Shopping Centre,Australia,,,Not researched,Unknown,0,0,0,https://www.jordanspringsshoppingcentre.com.au/,Mapped named-network tenancy or official venue source provides a practical research starting point
P3,place-au-unknown-karingal-hub-shopping-centre,Karingal Hub Shopping Centre,Australia,,,Not researched,Unknown,0,0,0,https://karingalhub.com.au/,Mapped named-network tenancy or official venue source provides a practical research starting point
P3,place-au-unknown-kellyville-village,Kellyville Village,Australia,,,Not researched,Unknown,0,0,0,http://ispt.net.au/properties/kellyville-village/,Mapped named-network tenancy or official venue source provides a practical research starting point
P3,place-au-unknown-kiama-village,Kiama Village,Australia,,,Not researched,Unknown,0,0,0,https://kiamavillage.com.au/,Mapped named-network tenancy or official venue source provides a practical research starting point
P3,place-au-unknown-kingston-central-plaza,Kingston Central Plaza,Australia,,,Not researched,Unknown,0,0,0,https://kingstoncentralplaza.com/,Mapped named-network tenancy or official venue source provides a practical research starting point
P3,place-au-unknown-kippa-ring-shopping-centre,Kippa-Ring Shopping Centre,Australia,,Kippa-Ring,Partial,Unknown,0,0,0,https://kipparingshoppingcentre.qicre.com/,Mapped named-network tenancy or official venue source provides a practical research starting point
P3,place-au-unknown-lakeside-square-shopping-centre,Lakeside Square Shopping Centre,Australia,,,Not researched,Unknown,0,0,0,https://lakesidesquare.com.au/,Mapped named-network tenancy or official venue source provides a practical research starting point
P3,place-au-unknown-lennox-village-shopping-centre,Lennox Village Shopping Centre,Australia,,,Not researched,Unknown,0,0,0,https://www.lennoxvillage.com.au/,Mapped named-network tenancy or official venue source provides a practical research starting point
P3,place-au-unknown-leppington-village,Leppington Village,Australia,,,Not researched,Unknown,0,0,0,https://leppingtonvillage.com.au/,Mapped named-network tenancy or official venue source provides a practical research starting point
P3,place-au-unknown-majura-park,Majura Park,Australia,,,Not researched,Unknown,0,0,0,https://majuraparkshopping.com.au/,Mapped named-network tenancy or official venue source provides a practical research starting point
P3,place-au-unknown-mango-hill-market-place,Mango Hill Market Place,Australia,,,Not researched,Unknown,0,0,0,https://mangohillmarketplace.com.au/,Mapped named-network tenancy or official venue source provides a practical research starting point
P3,place-au-unknown-manor-lakes-central-shopping-centre,Manor Lakes Central Shopping Centre,Australia,,,Not researched,Unknown,0,0,0,https://manorlakescentral.com,Mapped named-network tenancy or official venue source provides a practical research starting point
P3,place-au-unknown-mareeba-square,Mareeba Square,Australia,,,Not researched,Unknown,0,0,0,https://www.mareebasquare.com.au/,Mapped named-network tenancy or official venue source provides a practical research starting point
P3,place-au-unknown-marriott-waters-shopping-centre,Marriott Waters Shopping Centre,Australia,,,Not researched,Unknown,0,0,0,http://www.marriottwaters.com.au/marriott-waters-shopping-centre,Mapped named-network tenancy or official venue source provides a practical research starting point
P3,place-au-unknown-marsden-park-home,Marsden Park Home,Australia,,,Not researched,Unknown,0,0,0,https://homehubmarsdenpark.com.au/,Mapped named-network tenancy or official venue source provides a practical research starting point
P3,place-au-unknown-mernda-junction-shopping-centre,Mernda Junction Shopping Centre,Australia,,,Not researched,Unknown,0,0,0,https://merndajunction.com.au/,Mapped named-network tenancy or official venue source provides a practical research starting point
P3,place-au-unknown-merrifield-city-shopping-centre,Merrifield City Shopping Centre,Australia,,,Not researched,Unknown,0,0,0,https://merrifieldcity.com.au/,Mapped named-network tenancy or official venue source provides a practical research starting point
P3,place-au-unknown-minto-marketplace,Minto Marketplace,Australia,,,Not researched,Unknown,0,0,0,https://www.mintomarketplace.com.au/,Mapped named-network tenancy or official venue source provides a practical research starting point
P3,place-au-unknown-mitchell-centre,Mitchell Centre,Australia,,Darwin City,Not researched,Unknown,0,0,0,http://www.mitchellcentre.com.au/,Mapped named-network tenancy or official venue source provides a practical research starting point
P3,place-au-unknown-moonee-marketplace,Moonee Marketplace,Australia,,,Not researched,Unknown,0,0,0,https://mooneemarketplace.com.au/,Mapped named-network tenancy or official venue source provides a practical research starting point
P3,place-au-unknown-mornington-village-shopping-centre,Mornington Village Shopping Centre,Australia,,,Not researched,Unknown,0,0,0,https://morningtonvillagesc.com.au,Mapped named-network tenancy or official venue source provides a practical research starting point
P3,place-au-unknown-mountain-gate-shopping-centre,Mountain Gate Shopping Centre,Australia,,,Not researched,Unknown,0,0,0,https://www.mountaingateshoppingcentre.com.au/,Mapped named-network tenancy or official venue source provides a practical research starting point
P3,place-au-unknown-mt-annan-marketplace,Mt Annan Marketplace,Australia,,,Not researched,Unknown,0,0,0,https://mtannanmarketplace.com.au/,Mapped named-network tenancy or official venue source provides a practical research starting point
P3,place-au-unknown-murray-bridge-green,Murray Bridge Green,Australia,,,Not researched,Unknown,0,0,0,https://murraybridgegreen.com.au/,Mapped named-network tenancy or official venue source provides a practical research starting point
P3,place-au-unknown-nerang-mall-shopping-centre,Nerang Mall Shopping Centre,Australia,,,Partial,Unknown,0,0,0,https://www.nerangmall.com.au/,Mapped named-network tenancy or official venue source provides a practical research starting point
P3,place-au-unknown-noosa-village-shopping-centre,Noosa Village Shopping Centre,Australia,,,Not researched,Unknown,0,0,0,https://noosavillageshoppingcentre.com.au/,Mapped named-network tenancy or official venue source provides a practical research starting point
P3,place-au-unknown-northern-beaches-central-shopping-centre,Northern Beaches Central Shopping Centre,Australia,,,Not researched,Unknown,0,0,0,https://www.northernbeachescentral.com.au/,Mapped named-network tenancy or official venue source provides a practical research starting point
P3,place-au-unknown-northgate-shopping-centre,Northgate Shopping Centre,Australia,,,Not researched,Unknown,0,0,0,https://www.northgatetamworth.com.au,Mapped named-network tenancy or official venue source provides a practical research starting point
P3,place-au-unknown-northgate-village,Northgate Village,Australia,,,Not researched,Unknown,0,0,0,https://northgatevillage.com.au/,Mapped named-network tenancy or official venue source provides a practical research starting point
P3,place-au-unknown-nuggets-crossing-shopping-centre,Nuggets Crossing Shopping Centre,Australia,,,Not researched,Unknown,0,0,0,http://www.nuggetscrossing.com.au/,Mapped named-network tenancy or official venue source provides a practical research starting point
P3,place-au-unknown-oran-park-podium,Oran Park Podium,Australia,,,Not researched,Unknown,0,0,0,https://oranparkpodium.com.au/,Mapped named-network tenancy or official venue source provides a practical research starting point
P3,place-au-unknown-pakenham-place-shopping-centre,Pakenham Place Shopping Centre,Australia,,,Not researched,Unknown,0,0,0,https://www.pakenhamplace.com.au/,Mapped named-network tenancy or official venue source provides a practical research starting point
P3,place-au-unknown-paspaley-plaza,Paspaley Plaza,Australia,,,Not researched,Unknown,0,0,0,https://www.paspaleyplaza.com.au/,Mapped named-network tenancy or official venue source provides a practical research starting point
P3,place-au-unknown-pinewood-shopping-centre,Pinewood Shopping Centre,Australia,,,Not researched,Unknown,0,0,0,http://pinewoodvillage.com.au,Mapped named-network tenancy or official venue source provides a practical research starting point
P3,place-au-unknown-preston-market,Preston Market,Australia,,,Not researched,Unknown,0,0,0,https://www.prestonmarket.com.au/,Mapped named-network tenancy or official venue source provides a practical research starting point
P3,place-au-unknown-qv,QV,Australia,,,Not researched,Unknown,0,0,0,https://www.qv.com.au/,Mapped named-network tenancy or official venue source provides a practical research starting point
P3,place-au-unknown-regent-place,Regent Place,Australia,,,Not researched,Unknown,0,0,0,https://www.regentplace.com.au/,Mapped named-network tenancy or official venue source provides a practical research starting point
P3,place-au-unknown-renmark-square,Renmark Square,Australia,,,Not researched,Unknown,0,0,0,https://www.renmarksquare.com.au/,Mapped named-network tenancy or official venue source provides a practical research starting point
P3,place-au-unknown-riverside-plaza,Riverside Plaza,Australia,,,Not researched,Unknown,0,0,0,https://www.riversideplazashepparton.com.au/,Mapped named-network tenancy or official venue source provides a practical research starting point
P3,place-au-unknown-rosemeadow-marketplace,Rosemeadow Marketplace,Australia,,,Not researched,Unknown,0,0,0,https://rosemeadowmarketplace.com.au/,Mapped named-network tenancy or official venue source provides a practical research starting point
P3,place-au-unknown-skygate-dfo,Skygate DFO,Australia,,,Not researched,Unknown,0,0,0,https://skygate.com.au/,Mapped named-network tenancy or official venue source provides a practical research starting point
P3,place-au-unknown-somerville-shopping-centre,Somerville Shopping Centre,Australia,,,Not researched,Unknown,0,0,0,http://www.somervillesc.com.au/,Mapped named-network tenancy or official venue source provides a practical research starting point
P3,place-au-unknown-spring-hill-shopping-centre,Spring Hill Shopping Centre,Australia,,,Not researched,Unknown,0,0,0,https://shopatspringhill.com.au/,Mapped named-network tenancy or official venue source provides a practical research starting point
P3,place-au-unknown-st-ives-shopping-centre,St Ives Shopping Centre,Australia,,,Not researched,Unknown,0,0,0,https://stivesgoodna.com.au/,Mapped named-network tenancy or official venue source provides a practical research starting point
P3,place-au-unknown-strathfield-plaza,Strathfield Plaza,Australia,,,Not researched,Unknown,0,0,0,https://www.strathfieldplaza.com.au/,Mapped named-network tenancy or official venue source provides a practical research starting point
P3,place-au-unknown-tamworth-shoppingworld,Tamworth Shoppingworld,Australia,,,Not researched,Unknown,0,0,0,https://www.tamworthshoppingworld.com.au/,Mapped named-network tenancy or official venue source provides a practical research starting point
P3,place-au-unknown-tarneit-central-shopping-centre,Tarneit Central Shopping Centre,Australia,,,Not researched,Unknown,0,0,0,https://tarneitcentral.com.au,Mapped named-network tenancy or official venue source provides a practical research starting point
P3,place-au-unknown-tarneit-gardens-shopping-centre,Tarneit Gardens Shopping Centre,Australia,,,Not researched,Unknown,0,0,0,https://tarneitgardensshoppingcentre.com.au/,Mapped named-network tenancy or official venue source provides a practical research starting point
P3,place-au-unknown-the-barracks,The Barracks,Australia,,,Not researched,Unknown,0,0,0,https://thebarracks.info/,Mapped named-network tenancy or official venue source provides a practical research starting point
P3,place-au-unknown-the-canopy-lane-cove,The Canopy Lane Cove,Australia,,,Not researched,Unknown,0,0,0,https://thecanopylanecove.com.au,Mapped named-network tenancy or official venue source provides a practical research starting point
P3,place-au-unknown-the-district-docklands,The District Docklands,Australia,,,Not researched,Unknown,0,0,0,https://www.thedistrictdocklands.com.au/,Mapped named-network tenancy or official venue source provides a practical research starting point
P3,place-au-unknown-the-heritage-shopping-centre,The Heritage Shopping Centre,Australia,,,Not researched,Unknown,0,0,0,https://theheritagesc.com.au/,Mapped named-network tenancy or official venue source provides a practical research starting point
P3,place-au-unknown-the-links,The Links,Australia,,,Not researched,Unknown,0,0,0,https://pellicano.com.au/thelinks/,Mapped named-network tenancy or official venue source provides a practical research starting point
P3,place-au-unknown-the-village-warralily,The Village Warralily,Australia,,,Not researched,Unknown,0,0,0,https://villagewarralily.com.au,Mapped named-network tenancy or official venue source provides a practical research starting point
P3,place-au-unknown-the-local-village-carrum-downs,The local village @ Carrum Downs,Australia,,,Not researched,Unknown,0,0,0,www.thelocalvillage.com.au,Mapped named-network tenancy or official venue source provides a practical research starting point
P3,place-au-unknown-thornleigh-marketplace,Thornleigh Marketplace,Australia,,,Not researched,Unknown,0,0,0,https://www.thornleighmarketplace.com.au/,Mapped named-network tenancy or official venue source provides a practical research starting point
P3,place-au-unknown-traralgon-centre-plaza,Traralgon Centre Plaza,Australia,,,Not researched,Unknown,0,0,0,https://traralgoncentreplaza.com.au/,Mapped named-network tenancy or official venue source provides a practical research starting point
P3,place-au-unknown-tribeca-village,Tribeca Village,Australia,,,Not researched,Unknown,0,0,0,https://www.facebook.com/tribecavillage3030/,Mapped named-network tenancy or official venue source provides a practical research starting point
P3,place-au-unknown-university-hill-town-centre,University Hill Town Centre,Australia,,,Not researched,Unknown,0,0,0,http://www.universityhill.com.au/retail.html,Mapped named-network tenancy or official venue source provides a practical research starting point
P3,place-au-unknown-waratah-village-shopping-centre,Waratah Village Shopping Centre,Australia,,Waratah,Not researched,Unknown,0,0,0,https://waratahvillage.com.au,Mapped named-network tenancy or official venue source provides a practical research starting point
P3,place-au-unknown-welland-plaza-shopping-centre,Welland Plaza Shopping Centre,Australia,,,Not researched,Unknown,0,0,0,https://wellandplaza.com.au,Mapped named-network tenancy or official venue source provides a practical research starting point
P3,place-au-unknown-wellard-square,Wellard Square,Australia,,,Not researched,Unknown,0,0,0,https://wellardsquare.com.au/,Mapped named-network tenancy or official venue source provides a practical research starting point
P3,place-au-unknown-westridge-shopping-centre,Westridge Shopping Centre,Australia,,Kearneys Spring,Not researched,Unknown,0,0,0,https://www.westridgeshoppingcentre.com.au/,Mapped named-network tenancy or official venue source provides a practical research starting point
P3,place-au-unknown-westside-plaza,Westside Plaza,Australia,,,Not researched,Unknown,0,0,0,https://www.sentinelpg.com.au/properties/westside-plaza/,Mapped named-network tenancy or official venue source provides a practical research starting point
P3,place-au-unknown-winnellie-shopping-centre,Winnellie Shopping Centre,Australia,,,Not researched,Unknown,0,0,0,https://www.winnellieshoppingcentre.com/,Mapped named-network tenancy or official venue source provides a practical research starting point
P3,place-au-unknown-woodcroft-shopping-village,Woodcroft Shopping Village,Australia,,,Not researched,Unknown,0,0,0,https://www.woodcroftvillage.com.au/,Mapped named-network tenancy or official venue source provides a practical research starting point
P3,place-au-unknown-yeerongpilly-green-riverside-village,Yeerongpilly Green Riverside Village,Australia,,,Not researched,Unknown,0,0,0,https://www.ygriverside.com.au/village/,Mapped named-network tenancy or official venue source provides a practical research starting point
P3,place-au-qld-bli-bli-village-river-markets,Bli Bli Village River Markets,Australia,QLD,Bli Bli,Not researched,Unknown,0,0,0,https://bliblivillage.com.au/river-markets/,Mapped named-network tenancy or official venue source provides a practical research starting point
P3,place-au-qld-capalaba-central-shopping-centre,Capalaba Central Shopping Centre,Australia,QLD,Capalaba,Not researched,Unknown,0,0,0,https://www.capalabacentral.com.au/,Mapped named-network tenancy or official venue source provides a practical research starting point
P3,place-au-qld-market-square-deception-bay,Market Square Deception Bay,Australia,QLD,Deception Bay,Not researched,Unknown,0,0,0,https://mktdeceptionbay.com.au/,Mapped named-network tenancy or official venue source provides a practical research starting point
P3,place-au-vic-cairnlea-town-centre,Cairnlea Town Centre,Australia,VIC,Cairnlea,Not researched,Unknown,0,0,0,https://cairnleatowncentre.com.au/,Mapped named-network tenancy or official venue source provides a practical research starting point
P3,place-au-vic-civic-square-shopping-centre,Civic Square Shopping Centre,Australia,VIC,Croydon,Not researched,Unknown,0,0,0,https://www.civicsquareshopping.com.au/,Mapped named-network tenancy or official venue source provides a practical research starting point
P3,place-au-vic-homeco,HomeCo,Australia,VIC,Braybrook,Not researched,Unknown,0,0,0,https://www.home-co.com.au/centre/home-consortium-braybrook/,Mapped named-network tenancy or official venue source provides a practical research starting point
P3,place-au-vic-springvale-homemaker-centre,Springvale Homemaker Centre,Australia,VIC,Springvale,Not researched,Unknown,0,0,0,https://springvalehomemakercentre.com.au/,Mapped named-network tenancy or official venue source provides a practical research starting point
P3,place-au-wa-bentley-plaza,Bentley Plaza,Australia,WA,Bentley,Not researched,Unknown,0,0,0,https://www.bentleyplaza.com.au/,Mapped named-network tenancy or official venue source provides a practical research starting point
P4,place-au-act-m-centre,M Centre,Australia,ACT,Manuka,Not researched,Unknown,0,0,1,,Broad-registry centre with no mapped named-network tenancy or official venue source yet
P4,place-au-nsw-alstonville-plaza,Alstonville Plaza,Australia,NSW,Alstonville,Not researched,Unknown,0,0,1,,Broad-registry centre with no mapped named-network tenancy or official venue source yet
P4,place-au-nsw-bankstown-city-plaza,Bankstown City Plaza,Australia,NSW,Bankstown,Not researched,Unknown,0,0,1,,Broad-registry centre with no mapped named-network tenancy or official venue source yet
P4,place-au-nsw-civic-plaza,Civic Plaza,Australia,NSW,Fairfield,Not researched,Unknown,0,0,1,,Broad-registry centre with no mapped named-network tenancy or official venue source yet
P4,place-au-nsw-cronulla-mall,Cronulla Mall,Australia,NSW,,Not researched,Unknown,0,0,1,,Broad-registry centre with no mapped named-network tenancy or official venue source yet
P4,place-au-nsw-glenrose-village-shopping-centre,Glenrose Village Shopping Centre,Australia,NSW,Belrose,Not researched,Unknown,0,0,1,,Broad-registry centre with no mapped named-network tenancy or official venue source yet
P4,place-au-nsw-kingscliff-shopping-village,Kingscliff Shopping Village,Australia,NSW,KINGSCLIFF,Not researched,Unknown,0,0,1,,Broad-registry centre with no mapped named-network tenancy or official venue source yet
P4,place-au-nsw-kogarah-town-square,Kogarah Town Square,Australia,NSW,Kogarah,Not researched,Unknown,0,0,1,,Broad-registry centre with no mapped named-network tenancy or official venue source yet
P4,place-au-nsw-northmead-plaza,Northmead Plaza,Australia,NSW,Northmead,Not researched,Unknown,0,0,1,,Broad-registry centre with no mapped named-network tenancy or official venue source yet
P4,place-au-nsw-sutton-place-shopping-centre,Sutton Place Shopping Centre,Australia,NSW,Drummoyne,Not researched,Unknown,0,0,1,,Broad-registry centre with no mapped named-network tenancy or official venue source yet
P4,place-au-nsw-warners-bay-village,Warners Bay Village,Australia,NSW,Warners Bay,Not researched,Unknown,0,0,1,,Broad-registry centre with no mapped named-network tenancy or official venue source yet
P4,place-au-nsw-wellington-plaza,Wellington Plaza,Australia,NSW,Deniliquin,Not researched,Unknown,0,0,1,,Broad-registry centre with no mapped named-network tenancy or official venue source yet
P4,place-au-nsw-ingworld,ingWorld,Australia,NSW,Tamworth,Not researched,Unknown,0,0,1,,Broad-registry centre with no mapped named-network tenancy or official venue source yet
P4,place-au-qld-boyne-plaza,Boyne Plaza,Australia,QLD,Boyne Island,Not researched,Unknown,0,0,1,,Broad-registry centre with no mapped named-network tenancy or official venue source yet
P4,place-au-qld-brickworks-centre,Brickworks Centre,Australia,QLD,Southport,Not researched,Unknown,0,0,1,,Broad-registry centre with no mapped named-network tenancy or official venue source yet
P4,place-au-qld-burpengary-plaza,Burpengary Plaza,Australia,QLD,Burpengary,Not researched,Unknown,0,0,1,,Broad-registry centre with no mapped named-network tenancy or official venue source yet
P4,place-au-qld-camp-hill-marketplace,Camp Hill Marketplace,Australia,QLD,Camp Hill,Not researched,Unknown,0,0,1,,Broad-registry centre with no mapped named-network tenancy or official venue source yet
P4,place-au-qld-centro-emerald-market-plaza,Centro Emerald Market Plaza,Australia,QLD,Emerald,Not researched,Unknown,0,0,1,,Broad-registry centre with no mapped named-network tenancy or official venue source yet
P4,place-au-qld-chancellor-village-blvd,Chancellor Village Blvd,Australia,QLD,Sippy Downs,Not researched,Unknown,0,0,1,,Broad-registry centre with no mapped named-network tenancy or official venue source yet
P4,place-au-qld-dalby-shoppingworld,Dalby Shoppingworld,Australia,QLD,Dalby,Not researched,Unknown,0,0,1,,Broad-registry centre with no mapped named-network tenancy or official venue source yet
P4,place-au-qld-gladstone-square-shopping-centre,Gladstone Square Shopping Centre,Australia,QLD,Gladstone,Not researched,Unknown,0,0,1,,Broad-registry centre with no mapped named-network tenancy or official venue source yet
P4,place-au-qld-highfields-plaza-shopping-centre,Highfields Plaza Shopping Centre,Australia,QLD,Highfields,Not researched,Unknown,0,0,1,,Broad-registry centre with no mapped named-network tenancy or official venue source yet
P4,place-au-qld-hope-island-shopping-centre,Hope Island Shopping Centre,Australia,QLD,Hope Island,Not researched,Unknown,0,0,1,,Broad-registry centre with no mapped named-network tenancy or official venue source yet
P4,place-au-qld-logan-city-centre,Logan City Centre,Australia,QLD,Logan Central,Not researched,Unknown,0,0,1,,Broad-registry centre with no mapped named-network tenancy or official venue source yet
P4,place-au-qld-north-tamborine-shopping-square,North Tamborine Shopping Square,Australia,QLD,North Tamborine,Not researched,Unknown,0,0,1,,Broad-registry centre with no mapped named-network tenancy or official venue source yet
P4,place-au-qld-riverside-centre,Riverside Centre,Australia,QLD,Maleny,Not researched,Unknown,0,0,1,,Broad-registry centre with no mapped named-network tenancy or official venue source yet
P4,place-au-qld-the-range-shopping-centre,The Range Shopping Centre,Australia,QLD,Toowoomba East,Not researched,Unknown,0,0,1,,Broad-registry centre with no mapped named-network tenancy or official venue source yet
P4,place-au-qld-treetops-plaza,Treetops Plaza,Australia,QLD,Burleigh Waters,Not researched,Unknown,0,0,1,,Broad-registry centre with no mapped named-network tenancy or official venue source yet
P4,place-au-qld-underwood-marketplace,Underwood Marketplace,Australia,QLD,Underwood,Not researched,Unknown,0,0,1,,Broad-registry centre with no mapped named-network tenancy or official venue source yet
P4,place-au-qld-windmill-shopping-centre,Windmill Shopping Centre,Australia,QLD,Gladstone,Not researched,Unknown,0,0,1,,Broad-registry centre with no mapped named-network tenancy or official venue source yet
P4,place-au-sa-aldinga-shopping-centre,Aldinga Shopping Centre,Australia,SA,Aldinga Beach,Not researched,Unknown,0,0,1,,Broad-registry centre with no mapped named-network tenancy or official venue source yet
P4,place-au-sa-barossa-central-shopping-centre,Barossa Central Shopping Centre,Australia,SA,Nuriootpa,Not researched,Unknown,0,0,1,,Broad-registry centre with no mapped named-network tenancy or official venue source yet
P4,place-au-sa-seaford-shopping-centre,Seaford Shopping Centre,Australia,SA,Seaford,Not researched,Unknown,0,0,1,,Broad-registry centre with no mapped named-network tenancy or official venue source yet
P4,place-au-tas-claremont-plaza,Claremont Plaza,Australia,TAS,Claremont,Not researched,Unknown,0,0,1,,Broad-registry centre with no mapped named-network tenancy or official venue source yet
P4,place-au-tas-shoreline-shopping-centre,Shoreline Shopping Centre,Australia,TAS,Howrah,Not researched,Unknown,0,0,1,,Broad-registry centre with no mapped named-network tenancy or official venue source yet
P4,place-au-tas-sorell-plaza,Sorell Plaza,Australia,TAS,Sorell,Not researched,Unknown,0,0,1,,Broad-registry centre with no mapped named-network tenancy or official venue source yet
P4,place-au-vic-burwood-heights-shopping-ctr,Burwood Heights Shopping Ctr,Australia,VIC,Burwood East,Not researched,Unknown,0,0,1,,Broad-registry centre with no mapped named-network tenancy or official venue source yet
P4,place-au-vic-coburg-north-village,Coburg North Village,Australia,VIC,Coburg North,Not researched,Unknown,0,0,1,,Broad-registry centre with no mapped named-network tenancy or official venue source yet
P4,place-au-vic-coltman-plaza,Coltman Plaza,Australia,VIC,Lucas,Not researched,Unknown,0,0,1,,Broad-registry centre with no mapped named-network tenancy or official venue source yet
P4,place-au-vic-diamond-creek-plaza,Diamond Creek Plaza,Australia,VIC,Diamond Creek,Not researched,Unknown,0,0,1,,Broad-registry centre with no mapped named-network tenancy or official venue source yet
P4,place-au-vic-eden-rise-shopping-centre,Eden Rise Shopping Centre,Australia,VIC,Berwick,Not researched,Unknown,0,0,1,,Broad-registry centre with no mapped named-network tenancy or official venue source yet
P4,place-au-vic-goldfields-plaza,Goldfields Plaza,Australia,VIC,Warrandyte,Not researched,Unknown,0,0,1,,Broad-registry centre with no mapped named-network tenancy or official venue source yet
P4,place-au-vic-lakeview-shopping-centre,Lakeview Shopping Centre,Australia,VIC,Patterson Lakes,Not researched,Unknown,0,0,1,,Broad-registry centre with no mapped named-network tenancy or official venue source yet
P4,place-au-vic-laurimar-shopping-centre,Laurimar Shopping Centre,Australia,VIC,Doreen,Not researched,Unknown,0,0,1,,Broad-registry centre with no mapped named-network tenancy or official venue source yet
P4,place-au-vic-ramlegh-springs-village,Ramlegh Springs Village,Australia,VIC,Clyde North,Not researched,Unknown,0,0,1,,Broad-registry centre with no mapped named-network tenancy or official venue source yet
P4,place-au-vic-the-centreway,The Centreway,Australia,VIC,Lara,Not researched,Unknown,0,0,1,,Broad-registry centre with no mapped named-network tenancy or official venue source yet
P4,place-au-vic-the-stables-shopping-centre,The Stables Shopping Centre,Australia,VIC,Mill Park,Not researched,Unknown,0,0,1,,Broad-registry centre with no mapped named-network tenancy or official venue source yet
P4,place-au-vic-tunstall-square,Tunstall Square,Australia,VIC,Doncaster East,Not researched,Unknown,0,0,1,,Broad-registry centre with no mapped named-network tenancy or official venue source yet
P4,place-au-vic-walkers-arcade,Walkers Arcade,Australia,VIC,Coburg,Not researched,Unknown,0,0,1,,Broad-registry centre with no mapped named-network tenancy or official venue source yet
P4,place-au-vic-wellington-square-shopping-centre,Wellington Square Shopping Centre,Australia,VIC,Wallan,Not researched,Unknown,0,0,1,,Broad-registry centre with no mapped named-network tenancy or official venue source yet
P4,place-au-vic-woolworths-curlewis-town-centre,Woolworths Curlewis Town Centre,Australia,VIC,Curlewis,Not researched,Unknown,0,0,1,,Broad-registry centre with no mapped named-network tenancy or official venue source yet
P4,place-au-wa-alexander-heights-shopping-centre,Alexander Heights Shopping Centre,Australia,WA,Alexander Heights,Not researched,Unknown,0,0,1,,Broad-registry centre with no mapped named-network tenancy or official venue source yet
P4,place-au-wa-bassendean-village,Bassendean Village,Australia,WA,Bassendean,Not researched,Unknown,0,0,1,,Broad-registry centre with no mapped named-network tenancy or official venue source yet
P4,place-au-wa-broadway-fair-shopping-centre,Broadway Fair Shopping Centre,Australia,WA,Nedlands,Not researched,Unknown,0,0,1,,Broad-registry centre with no mapped named-network tenancy or official venue source yet
P4,place-au-wa-leeming-shopping-forum,Leeming Shopping Forum,Australia,WA,Leeming,Not researched,Unknown,0,0,1,,Broad-registry centre with no mapped named-network tenancy or official venue source yet
P4,place-au-wa-melville-plaza-shopping-centre,Melville Plaza Shopping Centre,Australia,WA,Bicton,Not researched,Unknown,0,0,1,,Broad-registry centre with no mapped named-network tenancy or official venue source yet
P4,place-au-wa-northgate-shopping-centre,Northgate Shopping Centre,Australia,WA,Geraldton,Not researched,Unknown,0,0,1,,Broad-registry centre with no mapped named-network tenancy or official venue source yet
P4,place-au-nsw-market-place,Market Place,Australia,NSW,Rouse Hill,Not researched,Unknown,0,0,0,,Broad-registry centre with no mapped named-network tenancy or official venue source yet
