store_id,location_setting,canonical_name,place_type,official_url,evidence_basis,confidence,source_date,owner,manager,place_official_url
bailey-nelson-fitzroy,High Street,Gertrude Street,High Street Corridor,https://baileynelson.com.au/pages/optometrist-fitzroy,The numbered Bailey Nelson address is on the City of Yarra's officially identified Gertrude Street retail precinct,High,2026-09-04,,,https://www.yarracity.vic.gov.au/business/centres-and-spaces/gertrude-street
bailey-nelson-fortitude-valley,High Street,James Street,High Street Corridor,https://baileynelson.com.au/pages/optometrist-fortitude-valley,The numbered Bailey Nelson address and current official precinct directory identify the James Street retail precinct,High,2026-09-04,,,https://jamesst.com.au/retailers
bailey-nelson-belconnen,Shopping Centre,Westfield Belconnen,Shopping Centre,https://www.westfield.com.au/belconnen/store/5TPpI9MjtZqWIXgQoBZf0z/bailey-nelson,Official centre directory lists Bailey Nelson at Westfield Belconnen,High,2026-09-01,,
bailey-nelson-nz-optometrist-ponsonby,High Street,Ponsonby Road,High Street Corridor,https://baileynelson.co.nz/pages/optometrist-ponsonby,Official store address is a street-front retail tenancy at 160 Ponsonby Road,High,2026-09-01,,
bailey-nelson-nz-optometrist-sylvia-park,Shopping Centre,Sylvia Park,Shopping Centre,https://www.sylviapark.com/stores/bailey-nelson-coming-soon/,Official Sylvia Park directory lists Bailey Nelson as a centre tenant,High,2026-09-01,,
bailey-nelson-nz-optometrist-auckland-cbd,Shopping Centre,Commercial Bay,Shopping Centre,https://heartofthecity.co.nz/auckland-shopping/bailey-nelson,Public city-centre directory identifies the tenancy as Level 2 Commercial Bay,High,2026-09-01,,
bailey-nelson-nz-optometrist-riccarton,Shopping Centre,Westfield Riccarton,Shopping Centre,https://www.westfield.co.nz/riccarton/opening-hours,Official centre address matches the Bailey Nelson tenancy at 129 Riccarton Road,High,2026-09-01,,
bailey-nelson-green-hills,Shopping Centre,Stockland Green Hills,Shopping Centre,https://www.stockland.com.au/shopping-centres/centres/stockland-green-hills,Official centre address matches the Bailey Nelson store at 1 Molly Morgan Drive,High,2026-09-01,,
bailey-nelson-miranda,Shopping Centre,Westfield Miranda,Shopping Centre,https://www.westfield.com.au/miranda/store/5Z3jNm4wGQ4WcY66gygWky/bailey-nelson,Official Westfield directory lists Bailey Nelson at Miranda,High,2026-09-01,,
bailey-nelson-mosman,High Street,Military Road Mosman,High Street Corridor,https://baileynelson.com.au/pages/optometrist-mosman,Storefront address and public retail evidence identify a Military Road street tenancy,High,2026-09-01,,
bailey-nelson-pitt-st-sydney,Shopping Centre,Westfield Sydney,Shopping Centre,https://www.westfield.com.au/sydney/store/5Z3jNm4wGQ4WcY66gygWky/bailey-nelson,Official store name and Westfield directory identify Westfield Sydney,High,2026-09-01,,
opsm-1121,Shopping Centre,Marketplace Gungahlin,Shopping Centre,https://www.marketplacegungahlin.com.au/shopping/health-fitness/optical/opsm/,Official centre directory lists OPSM and the store address matches the Marketplace Gungahlin development,High,2026-09-02,,,https://www.marketplacegungahlin.com.au/
specsavers-3583,Shopping Centre,Marketplace Gungahlin,Shopping Centre,https://www.marketplacegungahlin.com.au/shopping/health-fitness/optical/specsavers/,Official Marketplace directory lists Specsavers in Shop 17 of the Big W Building,High,2026-09-02,,,https://www.marketplacegungahlin.com.au/
specsavers-3657,Shopping Centre,Cooleman Court,Shopping Centre,https://www.specsavers.com.au/stores/westoncreek,Official Specsavers store address explicitly names Shop 007 Cooleman Court,High,2026-09-02,,,https://www.coolemancourt.com.au/
specsavers-nz-3841,Shopping Centre,Silverdale Mall,Shopping Centre,https://silverdalemall.co.nz/store/specsavers/,Official Silverdale Mall directory lists Specsavers as a current tenant,High,2026-09-02,Millwater Park Limited,Barfoot & Thompson Commercial,https://silverdalemall.co.nz/
opsm-nz-2353,Shopping Centre,Silverdale Centre,Shopping Centre,https://silverdalecentre.co.nz/opsm/,Official Silverdale Centre directory lists OPSM at Shop 11B 61 Silverdale Street,High,2026-09-02,Stride Property Limited,Stride Property Limited,https://silverdalecentre.co.nz/
specsavers-3469,High Street,Manning Street,High Street Corridor,https://www.specsavers.com.au/stores/taree,Current official address is Shop 2 at 42-44 Manning Street with no current centre tenancy evidence,Medium,2026-09-02,,
specsavers-nz-3853,High Street,The Strand,High Street Corridor,https://www.specsavers.co.nz/stores/whakatane,Official current store address is 184 The Strand and no shopping-centre tenancy is identified,High,2026-09-02,,
oscar-wylee-nz-optometrist-auckland-cbd,High Street,Queen Street,High Street Corridor,https://www.oscarwylee.co.nz/locations/optometrist-auckland-cbd.html,Official store page places the tenancy in the Colonial Building on Queen Street rather than in a shopping centre,High,2026-09-02,,
opsm-nz-1684,Shopping Centre,Milford Centre,Shopping Centre,https://milfordcentre.co.nz/listing/opsm/,Official Milford Centre directory lists OPSM as a tenant,High,2026-09-02,,,https://milfordcentre.co.nz/
specsavers-nz-3863,Shopping Centre,Tauranga Crossing,Shopping Centre,https://www.specsavers.co.nz/stores/tauranga-crossing,Official store name and address explicitly identify Tauranga Crossing,High,2026-09-02,,
specsavers-3465,High Street,Dean Street,High Street Corridor,https://www.specsavers.com.au/stores/albury,Official current address is a Dean Street shopfront with no named shopping centre,High,2026-09-02,,
specsavers-3611,Shopping Centre,Armidale Central,Shopping Centre,https://www.specsavers.com.au/stores/armidale,Official address explicitly names Armidale Central,High,2026-09-02,,
oscar-wylee-145,Shopping Centre,Bankstown Central,Shopping Centre,https://www.oscarwylee.com.au/locations/locations/optometrist-bankstown.html,Official store name and address explicitly identify Bankstown Central,High,2026-09-02,,
specsavers-3383,Shopping Centre,Bankstown Central,Shopping Centre,https://www.specsavers.com.au/stores/bankstown,Official address and coordinates match the North Terrace tenancy at Bankstown Central,High,2026-09-02,,
specsavers-3663,Shopping Centre,Carlingford Court,Shopping Centre,https://www.specsavers.com.au/stores/carlingford,Official address explicitly names Carlingford Court,High,2026-09-02,,
specsavers-3544,Shopping Centre,Marrickville Metro,Shopping Centre,https://www.marrickvillemetro.com.au/stores-services/specsavers,Official Marrickville Metro directory lists Specsavers as a current tenant,High,2026-09-02,,,https://www.marrickvillemetro.com.au/
specsavers-3494,High Street,Military Road Neutral Bay,High Street Corridor,https://www.specsavers.com.au/stores/neutralbay,Official address is a Military Road shopfront and no centre tenancy is identified,High,2026-09-02,,
opsm-4633,Shopping Centre,Rouse Hill Town Centre,Shopping Centre,https://www.opsm.com.au/en/opsm-au/find-store,Official address matches the Market Place tenancy and canonical Rouse Hill Town Centre location,Medium,2026-09-02,,
opsm-1105,Shopping Centre,Stockland Shellharbour,Shopping Centre,https://www.opsm.com.au/en/opsm-au/find-store,Official shop number and coordinates match the Stockland Shellharbour tenancy,Medium,2026-09-02,,,https://www.stockland.com.au/shopping-centres/centres/stockland-shellharbour
oscar-wylee-3,Shopping Centre,The Galeries,Shopping Centre,https://www.oscarwylee.com.au/locations/locations/optometrist-sydney-galeries.html,Official store name and address explicitly identify The Galeries,High,2026-09-02,,
specsavers-3505,Shopping Centre,Broadway Shopping Centre,Shopping Centre,https://www.specsavers.com.au/stores/broadway,Official address identifies the Broadway tenancy beside Coles,High,2026-09-02,,
oscar-wylee-133,Shopping Centre,Wollongong Central,Shopping Centre,https://www.oscarwylee.com.au/locations/locations/optometrist-wollongong-central.html,Official store name and address explicitly identify Wollongong Central,High,2026-09-02,,
specsavers-3527,High Street,Queen Street Brisbane,High Street Corridor,https://www.specsavers.com.au/stores/brisbanecbdeast,Official address is a Queen Street shop in an office building rather than a shopping centre,Medium,2026-09-02,,
specsavers-3437,Shopping Centre,Earlville Shopping Town,Shopping Centre,https://earlvilleshoppingtown.com.au/stores/specsavers/,Official Earlville Shopping Town directory lists Specsavers as a tenant,High,2026-09-02,,,https://earlvilleshoppingtown.com.au/
specsavers-3303,Shopping Centre,Domain Central,Shopping Centre,https://www.specsavers.com.au/stores/townsville,Official store name and address explicitly identify Domain Central,High,2026-09-02,,
specsavers-3653,Shopping Centre,HomeCo Lutwyche,Shopping Centre,https://www.specsavers.com.au/stores/lutwyche,Official address explicitly names HomeCo Lutwyche,High,2026-09-02,,
specsavers-3343,Shopping Centre,Pialba Place,Shopping Centre,https://www.specsavers.com.au/stores/herveybaypialba,Official address explicitly names Pialba Place,High,2026-09-02,,
oscar-wylee-93,Shopping Centre,Orion Springfield Central,Shopping Centre,https://www.oscarwylee.com.au/locations/locations/optometrist-springfield.html,Official address matches the Orion Springfield Central tenancy,High,2026-09-02,,
specsavers-3567,Shopping Centre,Orion Springfield Central,Shopping Centre,https://www.specsavers.com.au/stores/springfield,Official address explicitly names Orion Springfield Central,High,2026-09-02,,
specsavers-3664,Shopping Centre,Yamanto Central,Shopping Centre,https://www.specsavers.com.au/stores/yamanto,Official address explicitly names Yamanto Central,High,2026-09-02,,
opsm-2961,Shopping Centre,The Hub Shopping Centre,Shopping Centre,https://www.opsm.com.au/en/opsm-au/find-store,Official shop address matches the optical tenancy at The Hub in Aberfoyle Park,Medium,2026-09-02,,
specsavers-3524,Shopping Centre,Arndale Central,Shopping Centre,https://www.specsavers.com.au/stores/kilkenny,Official address explicitly names Arndale Central,High,2026-09-02,,
specsavers-3458,Shopping Centre,Mount Barker Central,Shopping Centre,https://www.specsavers.com.au/stores/mtbarker,Official address explicitly names Mount Barker Central Shopping Centre,High,2026-09-02,,
specsavers-3415,Shopping Centre,Norwood Place,Shopping Centre,https://www.specsavers.com.au/stores/norwood,Official store name and address explicitly identify Norwood Place,High,2026-09-02,,
opsm-2962,Shopping Centre,Pasadena Green Shopping Centre,Shopping Centre,https://www.opsm.com.au/stores/sa/pasadena/vision-hub-pasadena-by-opsm/2962,Official store address matches the Pasadena Green tenancy at 20 Five Ash Drive,High,2026-09-02,,
specsavers-3642,Shopping Centre,Seaford Central,Shopping Centre,https://www.specsavers.com.au/stores/seaford,Official address explicitly names Seaford Central,High,2026-09-02,,
specsavers-3573,Shopping Centre,Victor Central,Shopping Centre,https://www.specsavers.com.au/stores/victor-harbor,Official store name and address explicitly identify Victor Central,High,2026-09-02,,
oscar-wylee-110,High Street,Brisbane Street,High Street Corridor,https://www.oscarwylee.com.au/locations/locations/optometrist-launceston.html,Official store page describes a Brisbane Street CBD shop opposite Quadrant Mall,High,2026-09-02,,
specsavers-3525,Shopping Centre,Box Hill Central South,Shopping Centre,https://www.specsavers.com.au/stores/boxhill,Current official address explicitly places the store in Box Hill Central South despite the retained North label,Medium,2026-09-02,,
specsavers-3449,Shopping Centre,Barkly Square,Shopping Centre,https://www.specsavers.com.au/stores/brunswick,Official address matches the Barkly Square tenancy at 90-106 Sydney Road,Medium,2026-09-02,,
oscar-wylee-29,Shopping Centre,Chirnside Park Shopping Centre,Shopping Centre,https://www.oscarwylee.com.au/locations/locations/optometrist-chirnside-park.html,Official store name and address explicitly identify Chirnside Park Shopping Centre,High,2026-09-02,,
oscar-wylee-138,Shopping Centre,Craigieburn Central,Shopping Centre,https://www.oscarwylee.com.au/locations/locations/optometrist-craigieburn.html,Official store name and address explicitly identify Craigieburn Central,High,2026-09-02,,
specsavers-3667,High Street,Main Street Croydon,High Street Corridor,https://www.specsavers.com.au/stores/croydon,Official address and the Croydon Main Street precinct directory identify a street-front tenancy,High,2026-09-02,,,https://www.croydonmainstreet.com.au/find-a-store/
specsavers-3256,Shopping Centre,Brimbank Central,Shopping Centre,https://www.specsavers.com.au/stores/deerpark,Official store name and address explicitly identify Brimbank Central,High,2026-09-02,,
oscar-wylee-32,Shopping Centre,Pacific Epping,Shopping Centre,https://www.oscarwylee.com.au/locations/locations/optometrist-epping.html,Official store name and address explicitly identify Pacific Epping,High,2026-09-02,,
specsavers-3353,Shopping Centre,Pacific Epping,Shopping Centre,https://www.specsavers.com.au/stores/epping,Official address explicitly names Pacific Epping,High,2026-09-02,,
oscar-wylee-126,Shopping Centre,Mildura Central,Shopping Centre,https://www.oscarwylee.com.au/locations/locations/optometrist-mildura.html,Official store name and address explicitly identify Mildura Central,High,2026-09-02,,
oscar-wylee-64,Shopping Centre,Moonee Ponds Central,Shopping Centre,https://www.oscarwylee.com.au/locations/locations/optometrist-moonee-ponds.html,Official address explicitly names Moonee Ponds Central,High,2026-09-02,,
oscar-wylee-95,Shopping Centre,Mornington Central,Shopping Centre,https://www.oscarwylee.com.au/locations/locations/optometrist-mornington.html,Official store name and address explicitly identify Mornington Central,High,2026-09-02,,
opsm-1360,Shopping Centre,Westfield Fountain Gate,Shopping Centre,https://www.opsm.com.au/en/opsm-au/find-store,Official store name and Fountain Gate address match the Westfield tenancy,High,2026-09-02,,
oscar-wylee-22,Shopping Centre,Pacific Werribee,Shopping Centre,https://www.oscarwylee.com.au/locations/locations/optometrist-werribee.html,Official store name and address explicitly identify Pacific Werribee,High,2026-09-02,,
specsavers-3267,Shopping Centre,Pacific Werribee,Shopping Centre,https://www.specsavers.com.au/stores/werribee,Official store name and address explicitly identify Pacific Werribee,High,2026-09-02,,
specsavers-3236,Shopping Centre,Armadale Central,Shopping Centre,https://www.specsavers.com.au/stores/armadale,Official address matches the Armadale Central tenancy on Orchard Avenue,Medium,2026-09-02,,
oscar-wylee-148,Shopping Centre,Ellenbrook Central,Shopping Centre,https://www.oscarwylee.com.au/locations/locations/optometrist-ellenbrook.html,Official store name and address explicitly identify Ellenbrook Central,High,2026-09-02,,
opsm-1112,Shopping Centre,Floreat Forum,Shopping Centre,https://www.floreatforum.com.au/store/opsm/,Official Floreat Forum directory lists OPSM as a tenant,High,2026-09-02,,,https://www.floreatforum.com.au/
specsavers-3535,Shopping Centre,Stirlings Central,Shopping Centre,https://www.specsavers.com.au/stores/geraldton,Official address explicitly names Stirlings Central,High,2026-09-02,,
specsavers-3579,Shopping Centre,Halls Head Central,Shopping Centre,https://www.specsavers.com.au/stores/hallshead,Official address explicitly names Halls Head Central,High,2026-09-02,,
oscar-wylee-60,Shopping Centre,Lakeside Joondalup,Shopping Centre,https://www.oscarwylee.com.au/locations/locations/optometrist-joondalup.html,Official address identifies the Lakeside Shopping City tenancy at Joondalup,High,2026-09-02,,
specsavers-3464,Shopping Centre,Phoenix Shopping Centre,Shopping Centre,https://www.specsavers.com.au/stores/spearwood,Official store label and address identify the Phoenix shopping-centre tenancy,High,2026-09-02,,
specsavers-3644,High Street,Rokeby Road,High Street Corridor,https://www.specsavers.com.au/stores/subiaco,Official address is in the Rogerson Building on Rokeby Road with no centre tenancy identified,Medium,2026-09-02,,
specsavers-3234,Shopping Centre,Victoria Park Central,Shopping Centre,https://www.specsavers.com.au/stores/victoriapark,Official store name and address explicitly identify Victoria Park Central,High,2026-09-02,,
specsavers-3472,Shopping Centre,Wanneroo Central,Shopping Centre,https://www.specsavers.com.au/stores/wanneroo,Official store name and address explicitly identify Wanneroo Central,High,2026-09-02,,
specsavers-3462,Shopping Centre,Warwick Grove,Shopping Centre,https://www.specsavers.com.au/stores/warwick,Official address explicitly names Warwick Grove,High,2026-09-02,,
opsm-nz-1690,Shopping Centre,Chartwell Shopping Centre,Shopping Centre,https://www.chartwellshopping.co.nz/stores/opsm,Official Chartwell Shopping Centre directory lists OPSM as a tenant,High,2026-09-02,,,https://www.chartwellshopping.co.nz/
specsavers-nz-3845,Shopping Centre,Te Awa at The Base,Shopping Centre,https://www.specsavers.co.nz/stores/terapa,Official store name and address explicitly identify Te Awa at The Base,High,2026-09-02,,
specsavers-nz-3861,High Street,Queen Street Masterton,High Street Corridor,https://www.specsavers.co.nz/stores/masterton,Official address is a Queen Street shopfront with no named shopping centre,Medium,2026-09-02,,
specsavers-nz-3843,High Street,Lambton Quay,High Street Corridor,https://www.specsavers.co.nz/stores/wellingtonlambton,Official address is a Lambton Quay shopfront with no named shopping centre,Medium,2026-09-02,,
opsm-nz-2830,High Street,The Strand,High Street Corridor,https://careers.essilorluxottica.com/job/Bay-Of-Plenty-Store-Manager-OPSM-FT-NZ-Whakatane/1411559833/,Current official OPSM locator and current EssilorLuxottica recruitment confirm the operating Whakatane store at 185 The Strand; the adjacent verified optical tenancy is also street-front,Medium,2026-09-02,,
opsm-1304,High Street,George Street,High Street Corridor,https://www.opsm.com.au/stores/nsw/sydney/opsm-george-street/1304,Official OPSM store page confirms a numbered 413 George Street tenancy with no shopping-centre evidence,High,2026-09-02,,
specsavers-3581,Shopping Centre,Westfield Sydney,Shopping Centre,https://www.westfield.com.au/sydney/store/bRWvJBtq1MMQc8sqUM2Yc/specsavers,Official Westfield directory lists Specsavers as a Westfield Sydney tenant and the retailer address identifies Westfield Sydney Central,High,2026-09-02,,,https://www.westfield.com.au/sydney/store/bRWvJBtq1MMQc8sqUM2Yc/specsavers
opsm-1311,Shopping Centre,Deepwater Plaza,Shopping Centre,https://www.deepwaterplaza.com.au/centre-map/,Official Deepwater Plaza centre map lists OPSM at shop 32 inside the centre,High,2026-09-02,,,https://www.deepwaterplaza.com.au/
opsm-1320,Shopping Centre,Lake Haven Centre,Shopping Centre,https://www.lakehavencentre.com.au/stores/opsm,Official Lake Haven Centre directory lists OPSM as an active centre tenant,High,2026-09-02,,,https://www.lakehavencentre.com.au/
opsm-1384,Shopping Centre,Riverside Plaza,Shopping Centre,https://riversideplaza.com.au/retailer/opsm/,Official Riverside Plaza directory lists OPSM at tenancy G-002 inside the centre,High,2026-09-02,,,https://riversideplaza.com.au/
opsm-1562,Shopping Centre,Hyperdome,Shopping Centre,https://hyperdomeshopping.com.au/retailer/opsm-hyperdome/,The current Hyperdome directory lists OPSM at Shop 13 inside the centre,High,2026-09-02,,,https://hyperdomeshopping.com.au/
opsm-1263,Shopping Centre,Sunshine Plaza,Shopping Centre,https://www.sunshineplaza.com/stores/opsm,The current Sunshine Plaza directory lists OPSM on Level G inside the centre,High,2026-09-02,,,https://www.sunshineplaza.com/
bailey-nelson-bayside-frankston,Shopping Centre,Bayside,Shopping Centre,https://www.baysidesc.com.au/stores/bailey-nelson,The current Bayside directory lists Bailey Nelson as an active centre tenant,High,2026-09-02,,,https://www.baysidesc.com.au/
opsm-1087,Shopping Centre,Bayside,Shopping Centre,https://www.baysidesc.com.au/stores/opsm,The current Bayside directory lists OPSM as an active centre tenant and its published phone matches the OPSM store record,High,2026-09-02,,,https://www.baysidesc.com.au/
opsm-1290,Shopping Centre,Cranbourne Park,Shopping Centre,https://www.cranbournepark.com.au/shopping/services/optometrists-health-services,The current Cranbourne Park optical-services directory lists OPSM as an active centre tenant,High,2026-09-02,,,https://www.cranbournepark.com.au/
opsm-1155,Shopping Centre,Elizabeth City Centre,Shopping Centre,https://www.elizabethcitycentre.com.au/shopping/services/optometrists-health-services,The current Elizabeth City Centre optical-services directory lists OPSM as an active centre tenant,High,2026-09-02,,,https://www.elizabethcitycentre.com.au/
bupa-optical-3870857,Shopping Centre,Westfield Belconnen,Shopping Centre,https://bupaoptical.bupa.com.au/pages/store/bupa-optical-belconnen,Bupa's current official store address identifies the Benjamin Way tenancy and Scentre's current destination page identifies that property as Westfield Belconnen,High,2026-09-03,,,https://www.scentregroup.com/westfield-destinations/westfield-belconnen
eyeq-optometrists-woden,Shopping Centre,Westfield Woden,Shopping Centre,https://www.eyeq.com.au/find-an-optometrist/,EyeQ's current official locator explicitly labels the Woden practice at Westfield Woden on Keltie Street,High,2026-09-03,,,https://www.scentregroup.com/westfield-destinations/westfield-woden
the-optical-company-helensvale-4212,Shopping Centre,Westfield Helensvale,Shopping Centre,https://www.opticalco.com.au/locations-listing/,The current official retailer listing places the Helensvale tenancy at 1-29 Millaroo Drive and Scentre identifies that address as Westfield Helensvale,High,2026-09-03,,,https://www.scentregroup.com/westfield-destinations/westfield-helensvale
george-matilda-473,Shopping Centre,Westfield North Lakes,Shopping Centre,https://georgeandmatilda.com.au/stores/optometrist-north-lakes-qld/,The current official practice page explicitly states that the practice opened with and trades inside Westfield North Lakes,High,2026-09-03,,,https://www.scentregroup.com/westfield-destinations/westfield-north-lakes
bupa-optical-13626253,Shopping Centre,Westfield Carindale,Shopping Centre,https://bupaoptical.bupa.com.au/pages/store/bupa-optical-carindale,Bupa's current official store page explicitly states that the practice is located within Westfield Carindale,High,2026-09-03,,,https://www.scentregroup.com/westfield-destinations/westfield-carindale
bupa-optical-13626257,Shopping Centre,Westfield Chermside,Shopping Centre,https://bupaoptical.bupa.com.au/pages/store/bupa-optical-chermside,Bupa's current official address explicitly identifies the Westfield Chermside tenancy,High,2026-09-03,,,https://www.scentregroup.com/westfield-destinations/westfield-chermside
bupa-optical-13626263,Shopping Centre,Indooroopilly Shopping Centre,Shopping Centre,https://bupaoptical.bupa.com.au/pages/store/bupa-optical-indooroopilly,Bupa's current official store page explicitly identifies the Indooroopilly Shopping Centre tenancy,High,2026-09-03,,,https://www.indooroopillyshopping.com.au/
bupa-optical-13626278,Shopping Centre,Westfield Southland,Shopping Centre,https://bupaoptical.bupa.com.au/pages/store/bupa-optical-southland,Bupa's current official address and store identity identify the Westfield Southland tenancy,High,2026-09-03,,,https://www.scentregroup.com/westfield-destinations/westfield-southland
bupa-optical-13626279,Shopping Centre,Westfield Tea Tree Plaza,Shopping Centre,https://bupaoptical.bupa.com.au/pages/store/bupa-optical-tea-tree-plaza,Bupa's current official store identity and address identify the Westfield Tea Tree Plaza tenancy,High,2026-09-03,,,https://www.scentregroup.com/westfield-destinations/westfield-tea-tree-plaza
bailey-nelson-eastgardens,Shopping Centre,Westfield Eastgardens,Shopping Centre,https://baileynelson.com.au/pages/optometrist-eastgardens,Bailey Nelson's current official address and the current Westfield directory both explicitly identify the Westfield Eastgardens tenancy,High,2026-09-03,,,https://www.westfield.com.au/eastgardens/store/2swwm3yZFgqvzducojeQUj/baileynelson-eastgardens
specsavers-3453,Shopping Centre,Australia Fair,Shopping Centre,https://www.specsavers.com.au/stores/australiafair,Specsavers' current official store page identifies the Australia Fair tenancy and the current Australia Fair directory lists Specsavers,High,2026-09-03,,,https://www.australiafair.com.au/stores?21ea526f_page=3
bailey-nelson-camberwell,High Street,Burke Road,High Street Corridor,https://baileynelson.com.au/pages/optometrist-camberwell,The official store address is a numbered Burke Road shopfront and does not identify Camberwell Arcade,High,2026-09-03,,,
specsavers-3358,High Street,Burke Road,High Street Corridor,https://www.specsavers.com.au/stores/camberwell,The official store address is a numbered Burke Road shopfront and does not identify Camberwell Arcade,High,2026-09-03,,,
opsm-1043,High Street,Burke Road,High Street Corridor,https://www.opsm.com.au/stores/vic/camberwell/opsm-camberwell/1043,The official store address is a numbered Burke Road shopfront and does not identify Camberwell Arcade,High,2026-09-03,,,
opsm-1091,Shopping Centre,Melbourne Central,Shopping Centre,https://www.melbournecentral.com.au/stores-services/opsm,The current Melbourne Central directory identifies OPSM as an in-centre tenant at 211 La Trobe Street,High,2026-09-03,,,https://www.melbournecentral.com.au/
opsm-1145,Shopping Centre,Mid Valley Shopping Centre,Shopping Centre,https://www.midvalleyshoppingcentre.com.au/stores/,The current official Mid Valley directory lists OPSM at the Centre Valley Road and Princes Drive property,High,2026-09-03,,,https://www.midvalleyshoppingcentre.com.au/
opsm-nz-1689,Shopping Centre,Westfield Manukau,Shopping Centre,https://www.westfield.co.nz/manukau/store/2hl8caSXxmuWum4ISYeiok/opsm,The current official Westfield Manukau directory lists OPSM on Level G,High,2026-09-03,,,https://www.westfield.co.nz/manukau
specsavers-nz-3809,Shopping Centre,Westfield Manukau,Shopping Centre,https://www.specsavers.co.nz/stores/manukau,The official store address explicitly identifies its Westfield Manukau tenancy,High,2026-09-03,,,https://www.westfield.co.nz/manukau
oscar-wylee-nz-optometrist-manukau,Shopping Centre,Westfield Manukau,Shopping Centre,https://www.westfield.co.nz/manukau/store/2Pvr6ycJVT8w7iIX99jSjQ/oscar-wylee-manukau,The current official Westfield Manukau directory lists Oscar Wylee on Level G,High,2026-09-03,,,https://www.westfield.co.nz/manukau
specsavers-nz-3874,Shopping Centre,Manukau Supa Centa,Shopping Centre,https://www.specsavers.co.nz/stores/manukau-supa-centa,The official retailer address explicitly identifies the distinct Manukau Supa Centa tenancy at Lambie and Cavendish Drives,High,2026-09-03,,,https://www.manukausupacenta.co.nz/
bailey-nelson-kotara,Shopping Centre,Westfield Kotara,Shopping Centre,https://www.westfield.com.au/kotara/store/1e8K6IFuoV5ivvramDc3vO/bailey-nelson-kotara,The current official Westfield Kotara directory lists Bailey Nelson on Level 2,High,2026-09-03,,,https://www.westfield.com.au/kotara/
bailey-nelson-coomera,Shopping Centre,Westfield Coomera,Shopping Centre,https://www.westfield.com.au/coomera/store/1vwHFDDK5NldXqPkNaa4wI/bailey-nelson,The current official Westfield Coomera directory lists Bailey Nelson on Level 1,High,2026-09-03,,,https://www.westfield.com.au/coomera/
bailey-nelson-north-lakes,Shopping Centre,Westfield North Lakes,Shopping Centre,https://www.westfield.com.au/northlakes/browse-stores,The current official Westfield North Lakes directory lists Bailey Nelson,High,2026-09-03,,,https://www.westfield.com.au/northlakes/
bailey-nelson-toowoomba,Shopping Centre,Grand Central Shopping Centre,Shopping Centre,https://baileynelson.com.au/pages/optometrist-toowoomba,The current official Bailey Nelson page explicitly identifies Shop 30 in Grand Central Shopping Centre,High,2026-09-03,,,https://grandcentralshopping.qicre.com/
bailey-nelson-mt-gravatt,Shopping Centre,Westfield Mt Gravatt,Shopping Centre,https://www.westfield.com.au/store/5Z3jNm4wGQ4WcY66gygWky/bailey-nelson,The current official Westfield Bailey Nelson directory lists Mt Gravatt on Level 1,High,2026-09-03,,,https://www.westfield.com.au/mtgravatt/
bailey-nelson-doncaster,Shopping Centre,Westfield Doncaster,Shopping Centre,https://www.westfield.com.au/doncaster/store/4gAd12Yjfi6c2gaaAE2GsK/bailey-nelson,The current official Westfield Doncaster directory lists Bailey Nelson on Ground Level,High,2026-09-03,,,https://www.westfield.com.au/doncaster/
bailey-nelson-glen-waverley,Shopping Centre,The Glen,Shopping Centre,https://www.theglen.com.au/shopping/services/optometrists-health-services,The current official The Glen directory lists Bailey Nelson at the centre,High,2026-09-03,,,https://www.theglen.com.au/
bailey-nelson-joondalup,Shopping Centre,Lakeside Joondalup,Shopping Centre,https://www.lakesidejoondalup.com.au/shopping,The current official Lakeside Joondalup directory lists Bailey Nelson on Ground Level,High,2026-09-03,,,https://www.lakesidejoondalup.com.au/
bailey-nelson-broadway,Shopping Centre,Broadway Sydney,Shopping Centre,https://baileynelson.com.au/pages/boutiques,The current official Bailey Nelson directory identifies Shop 251 in Broadway Sydney at 1 Bay Street,High,2026-09-03,,,https://www.broadwaysydney.com.au/
bailey-nelson-brisbane-macarthur,Shopping Centre,Macarthur Central,Shopping Centre,https://baileynelson.com.au/pages/boutiques,The current official Bailey Nelson directory explicitly identifies Macarthur Central Shopping Centre,High,2026-09-03,,,https://www.macarthurcentral.com.au/
bailey-nelson-port-adelaide,Shopping Centre,Port Adelaide Plaza,Shopping Centre,https://www.portadelaideplaza.com.au/stores/bailey-nelson,The current official Port Adelaide Plaza directory lists Bailey Nelson on Ground Level,High,2026-09-03,,,https://www.portadelaideplaza.com.au/
bailey-nelson-claremont,Shopping Centre,Claremont Quarter,Shopping Centre,https://claremontquarter.com.au/store-listings/bailey-nelson/,The current official Claremont Quarter directory lists Bailey Nelson at Level 1 T126,High,2026-09-03,,,https://claremontquarter.com.au/
opsm-nz-1646,Shopping Centre,Newmarket Westfield,Shopping Centre,https://www.westfield.co.nz/store/cXe7CDZ5BKc2YMaQyQKC2/opsm,The current official Westfield directory lists OPSM at Newmarket on Level 2,High,2026-09-03,,,https://www.westfield.co.nz/newmarket/
specsavers-3319,High Street,Victoria Avenue,High Street Corridor,https://www.specsavers.com.au/stores/chatswood,The official store page describes this shop as in Chatswood Mall next to the Westfield entrance rather than inside Westfield,High,2026-09-03,,,
opsm-1174,Shopping Centre,Westfield Miranda,Shopping Centre,https://www.westfield.com.au/miranda/store/2PFccDa0HuaQIIc2CU2WYU/opsm,The current official Westfield Miranda directory lists OPSM on Level 1,High,2026-09-03,,,https://www.westfield.com.au/miranda/
oscar-wylee-139,Shopping Centre,Rhodes Waterside,Shopping Centre,https://www.rhodeswaterside.com.au/black-friday,The current official Rhodes Waterside site identifies Oscar Wylee as an in-centre optical retailer and the official store address names Rhodes Waterside,High,2026-09-03,,,https://www.rhodeswaterside.com.au/
specsavers-3254,High Street,Forsyth Street,High Street Corridor,https://www.specsavers.com.au/stores/waggawagga,The official store is at 56 Forsyth Street and does not identify Wagga Wagga Marketplace at 87 Baylis Street,High,2026-09-03,,,
oscar-wylee-129,Shopping Centre,Cairns Central,Shopping Centre,https://cairnscentral.com.au/shop/,The current official Cairns Central directory lists Oscar Wylee and the official store address explicitly names Cairns Central,High,2026-09-03,,,https://cairnscentral.com.au/
oscar-wylee-121,Shopping Centre,Broadmeadows Central,Shopping Centre,https://www.broadmeadowscentral.com.au/stores/oscar-wylee,The current official Broadmeadows Central directory lists Oscar Wylee,High,2026-09-03,,,https://www.broadmeadowscentral.com.au/
opsm-1221,Shopping Centre,Westfield Belconnen,Shopping Centre,https://www.westfield.com.au/belconnen/store/2bk8FhgtUkgEwe6cu0egsY/opsm,The current official Westfield Belconnen directory lists OPSM on Level 3,High,2026-09-03,,,https://www.westfield.com.au/belconnen/
opsm-1226,Shopping Centre,Westfield Woden,Shopping Centre,https://www.westfield.com.au/woden/store/69uZbOEbO8gYuQSgeIccAi/opsm,The current official Westfield Woden directory lists OPSM on Level 2,High,2026-09-03,,,https://www.westfield.com.au/woden/
opsm-2216,Shopping Centre,Westfield Burwood,Shopping Centre,https://www.westfield.com.au/store/5Spq3qZgc0S4cQA8a4Aayy/opsm,The current official Westfield OPSM directory lists Burwood,High,2026-09-03,,,https://www.westfield.com.au/burwood/
opsm-1102,Shopping Centre,Westfield Hornsby,Shopping Centre,https://www.westfield.com.au/store/5Spq3qZgc0S4cQA8a4Aayy/opsm,The current official Westfield OPSM directory lists Hornsby,High,2026-09-03,,,https://www.westfield.com.au/hornsby/
opsm-2217,Shopping Centre,Westfield Hurstville,Shopping Centre,https://www.westfield.com.au/store/5Spq3qZgc0S4cQA8a4Aayy/opsm,The current official Westfield OPSM directory lists Hurstville,High,2026-09-03,,,https://www.westfield.com.au/hurstville/
opsm-1396,Shopping Centre,Westfield Kotara,Shopping Centre,https://www.westfield.com.au/kotara/store/5J0ZzEgkLeUgmSWw66OWMS/opsm,The current official Westfield Kotara directory lists OPSM on Level 2,High,2026-09-03,,,https://www.westfield.com.au/kotara/
opsm-1106,Shopping Centre,Westfield Liverpool,Shopping Centre,https://www.westfield.com.au/store/5Spq3qZgc0S4cQA8a4Aayy/opsm,The current official Westfield OPSM directory lists Liverpool,High,2026-09-03,,,https://www.westfield.com.au/liverpool/
opsm-1193,Shopping Centre,Westfield Mt Druitt,Shopping Centre,https://www.westfield.com.au/store/5Spq3qZgc0S4cQA8a4Aayy/opsm,The current official Westfield OPSM directory lists Mt Druitt,High,2026-09-03,,,https://www.westfield.com.au/mtdruitt/
opsm-1326,Shopping Centre,Westfield Parramatta,Shopping Centre,https://www.westfield.com.au/store/5Spq3qZgc0S4cQA8a4Aayy/opsm,The current official Westfield OPSM directory lists Parramatta,High,2026-09-03,,,https://www.westfield.com.au/parramatta/
opsm-2974,Shopping Centre,Westfield Coomera,Shopping Centre,https://www.westfield.com.au/store/5Spq3qZgc0S4cQA8a4Aayy/opsm,The current official Westfield OPSM directory lists Coomera,High,2026-09-03,,,https://www.westfield.com.au/coomera/
opsm-1214,Shopping Centre,Westfield Doncaster,Shopping Centre,https://www.westfield.com.au/store/5Spq3qZgc0S4cQA8a4Aayy/opsm,The current official Westfield OPSM directory lists Doncaster,High,2026-09-03,,,https://www.westfield.com.au/doncaster/
opsm-1485,Shopping Centre,Westfield Geelong,Shopping Centre,https://www.westfield.com.au/store/5Spq3qZgc0S4cQA8a4Aayy/opsm,The current official Westfield OPSM directory lists Geelong,High,2026-09-03,,,https://www.westfield.com.au/geelong/
opsm-1488,Shopping Centre,Westfield Airport West,Shopping Centre,https://www.westfield.com.au/store/5Spq3qZgc0S4cQA8a4Aayy/opsm,The current official Westfield OPSM directory lists Airport West,High,2026-09-03,,,https://www.westfield.com.au/airportwest/
opsm-1361,Shopping Centre,Westfield Innaloo,Shopping Centre,https://www.westfield.com.au/store/5Spq3qZgc0S4cQA8a4Aayy/opsm,The current official Westfield OPSM directory lists Innaloo,High,2026-09-03,,,https://www.westfield.com.au/innaloo/
opsm-nz-1309,Shopping Centre,Westfield Albany,Shopping Centre,https://www.westfield.co.nz/store/cXe7CDZ5BKc2YMaQyQKC2/opsm,The current official Westfield OPSM directory lists Albany,High,2026-09-03,,,https://www.westfield.co.nz/albany/
opsm-nz-1593,Shopping Centre,Riccarton Westfield,Shopping Centre,https://www.westfield.co.nz/store/cXe7CDZ5BKc2YMaQyQKC2/opsm,The current official Westfield OPSM directory lists Riccarton,High,2026-09-03,,,https://www.westfield.co.nz/riccarton/
bailey-nelson-chatswood,Shopping Centre,Westfield Chatswood,Shopping Centre,https://baileynelson.com.au/pages/optometrist-chatswood,Bailey Nelson's current official store page identifies Shop 422 at Westfield and the current Westfield Chatswood directory lists Bailey Nelson as an active centre tenant,High,2026-09-03,,,https://www.westfield.com.au/chatswood/store/06v9DZ98SqtvpbC9EsuDC/baileynelson-chatswood
opsm-1175,Shopping Centre,Ashfield Mall,Shopping Centre,https://www.ashfieldmall.com.au/stores/opsm/,Official Ashfield Mall directory lists OPSM at Level 4 Shop 46,High,2026-09-03,,,
opsm-1219,Shopping Centre,Charlestown Square,Shopping Centre,https://www.charlestownsquare.com.au/stores-services/opsm,Official Charlestown Square directory lists OPSM as a centre tenant,High,2026-09-03,,,
opsm-1133,Shopping Centre,Dapto Mall,Shopping Centre,https://www.daptomall.com.au/stores-services/opsm,Official Dapto Mall directory lists OPSM as a centre tenant,High,2026-09-03,,,
opsm-1227,Shopping Centre,Dubbo Square,Shopping Centre,https://www.dubbosquare.com.au/,Official centre address matches the published OPSM address at 177 Macquarie Street,High,2026-09-03,,,
opsm-1416,Shopping Centre,Erina Fair,Shopping Centre,https://erinafair.com.au/store-directory/opsm/,Official Erina Fair directory lists OPSM as a centre tenant,High,2026-09-03,,,
opsm-1350,Shopping Centre,Stockland Forster,Shopping Centre,https://www.stockland.com.au/shopping-centres/centres/stockland-forster,Official centre address on Breese Parade matches the published OPSM location,High,2026-09-03,,,
opsm-1357,Shopping Centre,Grand Plaza,Shopping Centre,https://www.grandplaza.com.au/shopping,Official Grand Plaza directory lists OPSM as a centre tenant,High,2026-09-03,,,
opsm-1565,Shopping Centre,Toowong Village,Shopping Centre,https://www.toowongvillage.com.au/stores,Official Toowong Village directory lists OPSM at Gallery Level GA36,High,2026-09-03,,,
opsm-1179,Shopping Centre,Leichhardt Marketplace,Shopping Centre,https://www.opsm.com.au/stores/nsw/leichhardt/opsm-leichhardt/1179,The current official OPSM listing identifies Shop 33 at Leichhardt Marketplace,High,2026-09-03,,,
opsm-1210,Shopping Centre,Lismore Square,Shopping Centre,https://lismoresquare.com.au/stores/opsm-2/,The current official Lismore Square directory lists OPSM,High,2026-09-03,,,
opsm-1028,Shopping Centre,Orange Central Square,Shopping Centre,https://www.opsm.com.au/find-store/nsw/bathurst,The current official OPSM directory identifies Shop T16 at Orange Central Square,High,2026-09-03,,,
opsm-1351,Shopping Centre,HomeCo Plumpton Marketplace,Shopping Centre,https://www.opsm.com.au/find-store/nsw/bathurst,The current official OPSM directory identifies Shop 33 at Plumpton Marketplace,High,2026-09-03,,,
opsm-2971,Shopping Centre,Royal Randwick Shopping Centre,Shopping Centre,https://www.royalrandwick.com.au/stores/opsm.html,The current official Royal Randwick directory lists OPSM on the ground floor,High,2026-09-03,,,
opsm-1430,Shopping Centre,MarketPlace Raymond Terrace,Shopping Centre,https://www.opsm.com.au/webapp/wcs/stores/servlet/StoreDirectionsPrintView?catalogId=11051&desLatitude=-32.76208&desLongitude=151.74346&langId=-1&storeId=10151&storeLocationId=1430,The current official OPSM directions page identifies Shop 13 at Raymond Terrace Market Place,High,2026-09-03,,,
opsm-4702,Shopping Centre,Singleton Square,Shopping Centre,https://www.opsm.com.au/find-store/nsw/armidale,The current official OPSM directory identifies Shop T37 at Singleton Square,High,2026-09-03,,,
opsm-1398,Shopping Centre,St Ives Shopping Village,Shopping Centre,https://www.opsm.com.au/find-store/nsw/warriewood,The current official OPSM directory identifies Shop 69 at St Ives Shopping Village,High,2026-09-03,,,
opsm-1021,Shopping Centre,Wagga Wagga Marketplace,Shopping Centre,https://www.opsm.com.au/find-store/nsw/albury,The current official OPSM directory identifies Shop 66 at Wagga Wagga Marketplace,High,2026-09-03,,,
opsm-1068,Shopping Centre,Warriewood Square,Shopping Centre,https://www.opsm.com.au/find-store/nsw/warriewood,The current official OPSM directory identifies Shop 024 at Warriewood Square,High,2026-09-03,,,
opsm-2272,Shopping Centre,Aspley Hypermarket,Shopping Centre,https://www.aspleyhypermarket.com.au/centre-info/directory/,The current official Aspley Hypermarket directory lists OPSM,High,2026-09-03,,,
opsm-1237,Shopping Centre,Smithfield Shopping Centre,Shopping Centre,https://www.smithfieldcentre.com.au/stores/opsm/,The current official Smithfield Shopping Centre directory lists OPSM,High,2026-09-03,,,
opsm-1385,Shopping Centre,Caloundra Shopping Centre,Shopping Centre,https://www.opsm.com.au/webapp/wcs/stores/servlet/StoreDirectionsPrintView?catalogId=11051&desLatitude=-26.80350&desLongitude=153.12480&langId=-1&storeId=10151&storeLocationId=1385,The current official OPSM directions page identifies Shop 28B at Stockland Caloundra,High,2026-09-03,,,
opsm-1264,Shopping Centre,Cannon Hill Kmart Plaza,Shopping Centre,https://www.cannonhillkmartplaza.com.au/store-category/eyewear-optometrist/,The current official Cannon Hill Kmart Plaza directory lists OPSM,High,2026-09-03,,,
opsm-1337,Shopping Centre,Cleveland Central,Shopping Centre,https://www.opsm.com.au/find-store/qld/broadbeach,The current official OPSM directory identifies Shop 14 in the shopping centre at 91 Middle Street,High,2026-09-03,,,
opsm-1588,Shopping Centre,Gladstone Centre Plaza,Shopping Centre,https://gladstonecentreplaza.com.au/stores/opsm/,The current official Gladstone Centre Plaza directory lists OPSM at Shop 018,High,2026-09-03,,,
opsm-1570,Shopping Centre,Kingaroy Mall,Shopping Centre,https://kingaroyshoppingworld.com.au/store/,The current official Kingaroy Mall directory lists OPSM and the former Kingaroy Shoppingworld identity is retained as an alias,High,2026-09-03,,,
oscar-wylee-153,Shopping Centre,Mt Ommaney Centre,Shopping Centre,https://www.mtommaneycentre.com.au/store-category/eyewear-optometrist/,The current official Mt Ommaney Centre directory lists Oscar Wylee,High,2026-09-03,,,
opsm-1062,Shopping Centre,Grand Central Shopping Centre,Shopping Centre,https://www.opsm.com.au/find-store/qld/gladstone,The current official OPSM directory identifies Shop 107 at Grand Central Plaza,High,2026-09-03,,,
opsm-1552,Shopping Centre,Victoria Point Shopping Centre,Shopping Centre,https://www.victoriapointshoppingcentre.com.au/,The current official centre site identifies an active OPSM offer and the official OPSM directory identifies Shop 5 in the centre,High,2026-09-03,,,
opsm-1468,Shopping Centre,The Grove Shopping Centre,Shopping Centre,https://www.thegrovesa.com.au/visit/the-grove-centre-map/,The current official The Grove centre map lists OPSM at Shop 49,High,2026-09-03,,,
opsm-1583,Shopping Centre,Westland Whyalla,Shopping Centre,https://www.sa.gov.au/topics/care-and-support/concessions/health-concessions/glassessa/optometrists,The current South Australian government provider directory identifies OPSM at Shop 41 Westland Shopping Centre,High,2026-09-03,,,
opsm-1649,Shopping Centre,Chirnside Park Shopping Centre,Shopping Centre,https://www.chirnsidepark.com.au/stores-services/opsm,The current official Chirnside Park directory lists OPSM on the ground floor,High,2026-09-03,,,
specsavers-3262,Shopping Centre,Corio Village,Shopping Centre,https://www.specsavers.com.au/stores/corio,The current official Specsavers page identifies the store at the Corio Village address under its Corio Central trading name,High,2026-09-03,,,
opsm-1152,Shopping Centre,The Glen,Shopping Centre,https://www.theglen.com.au/stores/opsm,The current official The Glen directory lists OPSM,High,2026-09-03,,,
opsm-1157,Shopping Centre,Greensborough Plaza,Shopping Centre,https://www.greensboroughplaza.com.au/store/opsm/,The current official Greensborough Plaza directory lists OPSM on Level 2,High,2026-09-03,,,
opsm-1242,Shopping Centre,Waverley Gardens Shopping Centre,Shopping Centre,https://waverleygardens.com.au/special-offers/,The current official Waverley Gardens site identifies active OPSM centre offers and the official OPSM listing uses the same centre address,High,2026-09-03,,,
opsm-1286,Shopping Centre,Northcote Plaza,Shopping Centre,https://northcoteplaza.com/opsm/,The current official Northcote Plaza directory lists OPSM at GZ32A,High,2026-09-03,,,
opsm-2932,Shopping Centre,Rosebud Plaza,Shopping Centre,https://rosebudplaza.com.au/store/opsm/,The current official Rosebud Plaza directory lists OPSM at Shop 45,High,2026-09-03,,,
opsm-1233,Shopping Centre,Karratha City Plaza,Shopping Centre,https://karrathacityplaza.com.au/stores/opsm/,The current official Karratha City Plaza directory lists OPSM at Shop SP046,High,2026-09-03,,,
independent-other-optical-osm-au-node-11396192032,Shopping Centre,Karrinyup Shopping Centre,Shopping Centre,https://www.karrinyupcentre.com.au/stores-services/options-optometrists-karrinyup,The current official Karrinyup directory lists Options Optometrists on the ground floor,High,2026-09-03,,,
opsm-1370,Shopping Centre,Karrinyup Shopping Centre,Shopping Centre,https://www.karrinyupcentre.com.au/stores-services/opsm,The current official Karrinyup directory lists OPSM on the ground floor,High,2026-09-03,,,
opsm-1427,Shopping Centre,Maddington Central,Shopping Centre,https://maddingtoncentral.com.au/stores/opsm/,The current official Maddington Central directory lists OPSM,High,2026-09-03,,,
opsm-1365,Shopping Centre,Northam Boulevard,Shopping Centre,https://www.northamboulevard.com.au/centre-info/,The current official OPSM address exactly matches the official Northam Boulevard address at 171 Fitzgerald Street,High,2026-09-03,,,
opsm-1369,Shopping Centre,Riverton Forum,Shopping Centre,https://rivertonforum.com.au/store/opsm/,The current official Riverton Forum directory lists OPSM at Shop 23,High,2026-09-03,,,
opsm-2990,Shopping Centre,Bateau Bay Square,Shopping Centre,https://www.opsm.com.au/stores/nsw/bateau-bay/opsm-bateau-bay/2990,The current official OPSM store and current NSW Spectacles Program provider record identify the tenancy as Bateau Bay Square,High,2026-09-03,,,
opsm-1415,Shopping Centre,Roselands Shopping Centre,Shopping Centre,https://www.opsm.com.au/stores/nsw/roselands/opsm-roselands/1415,The active OPSM store number and Roselands Drive address reconcile to public government records naming its Roselands Shopping Centre tenancy,High,2026-09-03,,,
independent-other-optical-osm-au-node-13794345661,Shopping Centre,The Strand Melbourne,Shopping Centre,https://hendersonsoptical.com.au/contact/,The retailer's current official contact page identifies Shop T11-14 inside The Strand Melbourne at 250 Elizabeth Street,High,2026-09-03,,,
independent-other-optical-osm-au-node-3953229690,Shopping Centre,Campbellfield Plaza,Shopping Centre,https://www.accc.gov.au/system/files/public-registers/documents/D12%2B175884.pdf,The public ACCC provider filing identifies Campbellfield Eyecare at 1C Campbellfield Plaza; current centre and health-service records corroborate the property identity but indicate the trading name may have changed,Medium,2026-09-03,,,
independent-other-optical-osm-ne-node-12381329536,High Street,State Highway 10,High Street Corridor,https://www.nzoptics.co.nz/live-articles/concerns-raised-about-the-optical-shop/,Public business reporting identifies this source location at 2052 State Highway 10 Waipapa; it is retained as a street-front historical lead because the retailer's current official directory no longer lists Waipapa,Medium,2026-09-03,,,
independent-other-optical-osm-ne-node-12577152601,High Street,Cameron Street,High Street Corridor,https://theopticalshop.co.nz/locations/,The retailer's current official directory identifies its Whangarei storefront at 68 Cameron Street,High,2026-09-03,,,
1001-optometry-7298798,Shopping Centre,Emporium Melbourne,Shopping Centre,https://1001-optical.myshopify.com/pages/optometrist-in-melbourne,The current retailer page identifies Shop 3-034 inside Emporium Melbourne,High,2026-09-03,,,
independent-other-optical-provision-17395,Shopping Centre,Casey Central,Shopping Centre,https://www.provision.com.au/practice/casey-optometrist/,The current ProVision practice page identifies Shop 105 Casey Central,High,2026-09-03,,,
bailey-nelson-melbourne-cbd,Shopping Centre,Melbourne Central,Shopping Centre,https://baileynelson.com.au/pages/optometrist-melbourne-cbd,The current Bailey Nelson page identifies its Melbourne Central tenancy at 211 La Trobe Street,High,2026-09-03,,,
oscar-wylee-107,Shopping Centre,Westfield Plenty Valley,Shopping Centre,https://www.oscarwylee.com.au/locations/locations/optometrist-plenty-valley.html,The current Oscar Wylee page identifies the Level 1 tenancy at Westfield Plenty Valley,High,2026-09-03,,,
opsm-1395,Shopping Centre,Livingston Marketplace,Shopping Centre,https://www.opsm.com.au/en/opsm-au/find-store,The current official OPSM record names Livingston and gives the centre's Ranford and Nicholson Roads address,Medium,2026-09-03,,,
bailey-nelson-marion,Shopping Centre,Westfield Marion,Shopping Centre,https://baileynelson.com.au/pages/optometrist-marion,The current Bailey Nelson page identifies its Westfield Marion tenancy at 297 Diagonal Road,High,2026-09-03,,,
opsm-2264,Shopping Centre,Mount Pleasant Centre,Shopping Centre,https://www.opsm.com.au/en/opsm-au/find-store,The current official OPSM record names Mackay Mt Pleasant and gives the centre's Phillip Street and Bucasia Road address,Medium,2026-09-03,,,
opsm-1551,Shopping Centre,Top Ryde City,Shopping Centre,https://www.opsm.com.au/en/opsm-au/find-store,The current official OPSM record names Top Ryde and exactly matches the centre address at 109-129 Blaxland Road,High,2026-09-03,,,
specsavers-3446,Shopping Centre,Stockland Green Hills,Shopping Centre,https://www.specsavers.com.au/stores/eastmaitland,The current Specsavers page identifies Shop 012 at the Stockland Green Hills address,High,2026-09-03,,,
opsm-1059,Shopping Centre,Ocean Keys Shopping Centre,Shopping Centre,https://www.opsm.com.au/en/opsm-au/find-store,The current official OPSM record names Ocean Keys and gives its Ocean Keys Boulevard address,Medium,2026-09-03,,,
opsm-2283,Shopping Centre,Willows Shopping Centre,Shopping Centre,https://www.opsm.com.au/en/opsm-au/find-store,The current official OPSM record names Townsville The Willows and gives its Thuringowa Drive address,Medium,2026-09-03,,,
opsm-1217,Shopping Centre,Lake Macquarie Square,Shopping Centre,https://www.opsm.com.au/en/opsm-au/find-store,The current official OPSM record names Lake Macquarie and exactly matches the Wilson Road centre address,High,2026-09-03,,,
opsm-1254,Shopping Centre,Westfield Marion,Shopping Centre,https://www.opsm.com.au/en/opsm-au/find-store,The current official OPSM record identifies its Marion store at the Westfield Marion address on Diagonal Road,High,2026-09-03,,,
opsm-1467,Shopping Centre,Westfield Knox,Shopping Centre,https://www.opsm.com.au/en/opsm-au/find-store,The current official OPSM record names Knox City and gives the Westfield Knox address on Burwood Highway,High,2026-09-03,,,
opsm-1246,Shopping Centre,Capalaba Park Shopping Centre,Shopping Centre,https://www.opsm.com.au/en/opsm-au/find-store,The current official OPSM record names Capalaba Park and gives its Redland Bay and Mt Cotton Roads address,High,2026-09-03,,,
opsm-nz-1687,Shopping Centre,Westfield St Lukes,Shopping Centre,https://www.opsm.co.nz/find-store,The current official OPSM record names St Lukes and gives the Westfield St Lukes address,High,2026-09-03,,,
opsm-nz-1631,Shopping Centre,Coastlands Shoppingtown,Shopping Centre,https://www.opsm.co.nz/find-store,The current official OPSM record names Coastlands and gives the Paraparaumu centre address,Medium,2026-09-03,,,
oscar-wylee-151,Shopping Centre,The Pines Elanora,Shopping Centre,https://www.oscarwylee.com.au/locations/locations/optometrist-elanora.html,The current Oscar Wylee page explicitly identifies Shop 13 inside The Pines Elanora,High,2026-09-03,,,
opsm-nz-2911,Shopping Centre,Sylvia Park,Shopping Centre,https://www.opsm.co.nz/find-store,The current official OPSM record names Sylvia Park and gives its Mount Wellington Highway address,High,2026-09-03,,,
opsm-2930,Shopping Centre,Brickworks Marketplace,Shopping Centre,https://www.opsm.com.au/en/opsm-au/find-store,The current official OPSM record names Brickworks and gives its South Road and Ashwin Parade address,Medium,2026-09-03,,,
opsm-nz-1390,Shopping Centre,Bayfair Shopping Centre,Shopping Centre,https://www.opsm.co.nz/find-store,The current official OPSM record names Bayfair and gives its Mount Maunganui and Girven Roads address,High,2026-09-03,,,
optical-superstore-60370,Shopping Centre,Park Beach Plaza,Shopping Centre,https://opticalsuperstore.com.au/find-your-nearest-store/,The current official retailer directory gives Shop 26 at Park Beach Plaza's verified 253 Pacific Highway address,High,2026-09-03,,,
opsm-1447,Shopping Centre,Westfield Whitford City,Shopping Centre,https://www.opsm.com.au/en/opsm-au/find-store,The current official OPSM record names Whitford City and gives the centre's Whitfords and Marmion Avenues address,High,2026-09-03,,,
opsm-1403,Shopping Centre,Stockland Green Hills,Shopping Centre,https://www.opsm.com.au/en/opsm-au/find-store,The current official OPSM record names Green Hills and exactly matches the centre address at 1 Molly Morgan Drive,High,2026-09-03,,,
opsm-1119,Shopping Centre,Brookside Shopping Centre,Shopping Centre,https://www.opsm.com.au/en/opsm-au/find-store,The current official OPSM record names Brookside and gives its Osborne and Burwood Roads address,Medium,2026-09-03,,,
optical-superstore-61225,Shopping Centre,Grand Central Shopping Centre,Shopping Centre,https://opticalsuperstore.com.au/find-your-nearest-store/,The current official retailer directory identifies Shop 2043 at Grand Central Toowoomba,High,2026-09-03,,,
opsm-1341,Shopping Centre,Victoria Gardens Shopping Centre,Shopping Centre,https://www.opsm.com.au/en/opsm-au/find-store,The current official OPSM record names Victoria Gardens and gives its Victoria and Burnley Streets address,High,2026-09-03,,,
oscar-wylee-73,Shopping Centre,South.Point Tuggeranong,Shopping Centre,https://www.oscarwylee.com.au/locations/locations/optometrist-tuggeranong.html,The current Oscar Wylee page explicitly identifies its South.Point Tuggeranong tenancy,High,2026-09-03,,,
opsm-1506,Shopping Centre,Westfield Plenty Valley,Shopping Centre,https://www.opsm.com.au/en/opsm-au/find-store,The current official OPSM record names Plenty Valley and gives the Westfield Plenty Valley address at 415 McDonalds Road,High,2026-09-03,,,
opsm-1289,Shopping Centre,Mitcham Square,Shopping Centre,https://www.opsm.com.au/en/opsm-au/find-store,The current official OPSM record names Mitcham and exactly matches Mitcham Square's 119 Belair Road address,High,2026-09-03,,,
opsm-1078,Shopping Centre,Parkmore Shopping Centre,Shopping Centre,https://www.opsm.com.au/en/opsm-au/find-store,The current official OPSM record names Parkmore and exactly matches its 317 Cheltenham Road address,High,2026-09-03,,,
opsm-1281,Shopping Centre,Midland Gate Shopping Centre,Shopping Centre,https://www.opsm.com.au/en/opsm-au/find-store,The current official OPSM record names Midland Gate and exactly matches its 274 Great Eastern Highway address,High,2026-09-03,,,
opsm-1300,Shopping Centre,Nepean Village,Shopping Centre,https://www.opsm.com.au/en/opsm-au/find-store,The current official OPSM record identifies Nepean at the centre's Station and Woodriff Streets address,High,2026-09-03,,,
opsm-nz-1686,Shopping Centre,LynnMall,Shopping Centre,https://www.opsm.co.nz/find-store,The current official OPSM record names LynnMall and exactly matches its 3058 Great North Road address,High,2026-09-03,,,
opsm-1386,Shopping Centre,Sugarland Plaza,Shopping Centre,https://www.opsm.com.au/en/opsm-au/find-store,The current official OPSM record names Bundaberg Sugarland and gives the centre's Takalvan Street address,High,2026-09-03,,,
opsm-2998,Shopping Centre,Noosa Civic,Shopping Centre,https://www.opsm.com.au/en/opsm-au/find-store,The current official OPSM record names Noosa and exactly matches Noosa Civic's 28 Eenie Creek Road address,High,2026-09-03,,,
independent-other-optical-provision-17025,High Street,Burgundy Street,High Street Corridor,https://www.provision.com.au/practice/warringal-optometrists/,The current official practice page gives the numbered street-front address at 67 Burgundy Street and does not identify a shopping-centre tenancy; the Warringal practice name is not centre evidence,High,2026-09-03,,,
opsm-nz-1604,High Street,Cuba Street,High Street Corridor,https://www.opsm.co.nz/find-store,The current official OPSM record gives the numbered street address at 80 Cuba Street; a nearby corner label is not evidence of a shopping-centre tenancy,High,2026-09-03,,,
